year,mon,day,hour,minute,latitude,longitude
2020,08,04,07,34,70.99461333333333,24.865371666666668
2020,08,12,11,04,63.44359,10.407465
2020,08,07,12,04,68.57375833333333,15.079215
2020,08,04,23,04,70.63036333333334,29.728441666666665
2020,08,05,00,14,70.65744666666667,30.366691666666668
2020,08,15,02,14,70.56219333333334,23.12166
2020,08,08,08,14,66.37082333333333,12.958076666666667
2020,08,14,05,14,68.79950833333334,16.550063333333334
2020,08,06,00,04,71.04166666666667,27.843333333333334
2020,08,08,01,34,67.28884833333333,14.394853333333334
2020,08,02,22,54,68.43769166666667,15.161731666666666
2020,08,09,20,34,62.65358666666667,6.676818333333333
2020,08,04,08,34,70.93422833333334,25.525238333333334
2020,08,11,21,04,62.723355,7.048526666666667
2020,08,02,19,14,68.21894166666667,14.562526666666667
2020,08,12,18,34,64.57730833333333,10.586001666666666
2020,08,11,20,04,62.73500666666666,7.15777
2020,08,14,06,54,68.95757833333333,17.112061666666666
2020,08,10,04,14,61.84316833333333,5.2635233333333336
2020,08,03,05,44,68.79950833333334,16.550038333333333
2020,08,08,13,44,65.475725,12.210445
2020,08,13,17,04,68.12076666666667,13.839911666666668
2020,08,10,13,14,60.39279,5.309858333333334
2020,08,13,23,14,68.57141833333333,14.911373333333334
2020,08,10,19,54,60.465045,5.2530383333333335
2020,08,03,11,24,69.52486833333333,18.486456666666665
2020,08,11,19,14,62.66701333333334,6.7694383333333334
2020,08,04,09,14,70.973165,25.937828333333332
2020,08,14,00,04,68.62936833333333,15.341778333333334
2020,08,15,14,04,70.98353333333333,26.679196666666666
2020,08,11,08,04,62.477826666666665,6.145985
2020,08,03,12,24,69.64650166666667,18.960566666666665
2020,08,15,14,14,70.985425,26.842888333333335
2020,08,11,23,04,63.031198333333336,7.193255
2020,08,04,07,44,70.99010666666666,24.998046666666667
2020,08,08,21,24,64.64586166666666,10.683513333333334
2020,08,07,15,04,68.35387166666666,14.992855
2020,08,02,21,04,68.22790666666667,14.779755
2020,08,07,05,54,68.80376,16.565645
2020,08,03,08,54,69.21465666666667,17.986083333333333
2020,08,12,15,44,64.04323833333333,10.026743333333334
2020,08,07,03,54,69.11732666666667,17.590223333333334
2020,08,03,04,44,68.85434166666667,16.524853333333333
2020,08,07,00,24,69.55524333333334,18.721408333333333
2020,08,10,15,54,60.392785,5.309851666666667
2020,08,06,14,14,70.237215,22.349238333333332
2020,08,04,12,54,70.98074666666666,25.969633333333334
2020,08,15,00,04,70.237225,22.349206666666667
2020,08,03,04,54,68.82362333333333,16.600265
2020,08,07,08,14,68.976425,15.79977
2020,08,06,11,34,70.63775666666666,23.405188333333335
2020,08,04,14,54,70.98817333333334,27.087051666666667
2020,08,13,17,44,68.104965,13.862161666666667
2020,08,03,13,24,69.64649833333333,18.960595
2020,08,14,12,04,69.62122,18.922055
2020,08,08,20,04,64.857565,11.236816666666666
2020,08,07,00,34,69.54870833333334,18.644556666666666
2020,08,08,09,14,66.200085,13.007508333333334
2020,08,06,11,14,70.66435,23.662913333333332
2020,08,09,05,54,63.44358833333333,10.40746
2020,08,10,05,34,61.60775,4.985028333333333
2020,08,09,09,34,63.65406,9.757978333333334
2020,08,05,13,14,70.20605333333333,30.905345
2020,08,09,12,24,63.390595,8.465576666666667
2020,08,14,23,14,70.34373333333333,22.030451666666668
2020,08,06,10,44,70.66496666666667,23.68034
2020,08,11,19,54,62.72978833333333,7.133238333333333
2020,08,12,07,44,63.445231666666665,10.38186
2020,08,04,01,54,70.46578333333333,22.749903333333332
2020,08,06,09,04,70.66403,23.642131666666668
2020,08,10,08,14,61.205556666666666,4.7058366666666664
2020,08,08,10,34,66.02403666666666,12.637578333333334
2020,08,13,20,54,68.253625,14.94373
2020,08,05,02,04,70.376065,31.106386666666666
2020,08,14,01,54,68.87759833333334,15.532396666666667
2020,08,12,20,14,64.846175,11.207988333333333
2020,08,05,23,04,71.094785,27.947371666666665
2020,08,06,11,04,70.66496166666667,23.68034
2020,08,08,02,04,67.28884333333333,14.394856666666668
2020,08,11,18,14,62.590875,6.2527333333333335
2020,08,11,15,34,62.42351,6.4822033333333335
2020,08,05,09,24,69.728885,30.071158333333333
2020,08,13,20,04,68.23092833333334,14.566695
2020,08,04,01,24,70.39351,22.43244333333333
2020,08,06,11,44,70.61637166666667,23.30002
2020,08,04,04,34,70.71622833333333,23.596385
2020,08,07,06,24,68.79951333333334,16.55007
2020,08,14,08,44,69.19449,18.02415166666667
2020,08,08,01,14,67.28885,14.394856666666668
2020,08,14,05,54,68.80199333333333,16.563973333333333
2020,08,07,01,04,69.50344833333334,18.300333333333334
2020,08,11,04,04,61.93948666666667,5.122843333333333
2020,08,04,19,14,71.06549,28.466548333333332
2020,08,12,00,34,63.1149,7.7370133333333335
2020,08,15,03,04,70.66484333333334,23.664936666666666
2020,08,02,18,54,68.18081166666667,14.37113
2020,08,15,04,24,70.687825,23.559613333333335
2020,08,11,02,44,61.76168833333333,5.030626666666667
2020,08,14,12,44,69.646495,18.960571666666667
2020,08,07,11,14,68.69827,15.425808333333332
2020,08,09,19,24,62.73500833333333,7.157785
2020,08,12,23,44,65.46200166666667,12.185745
2020,08,04,06,24,71.027075,24.550968333333334
2020,08,08,09,24,66.18863666666667,12.994526666666667
2020,08,08,22,24,64.47235666666667,10.288028333333333
2020,08,08,05,24,66.86886833333334,13.702313333333333
2020,08,04,22,04,70.74486333333333,29.769286666666666
2020,08,14,08,24,69.157965,17.89276
2020,08,05,02,14,70.36970833333334,31.143513333333335
2020,08,04,15,44,70.95205333333334,27.32799
2020,08,04,16,54,71.11637333333333,27.52383
2020,08,11,23,54,63.118005,7.577986666666667
2020,08,10,00,04,62.33591833333333,5.73384
2020,08,07,09,04,68.96797666666667,15.642231666666667
2020,08,02,10,24,67.15899833333333,14.045098333333334
2020,08,14,16,34,69.64639,18.961023333333333
2020,08,10,10,34,60.69417166666667,4.852076666666667
2020,08,04,20,14,70.90130166666667,29.083295
2020,08,15,00,14,70.23722333333333,22.34921
2020,08,10,15,34,60.392781666666664,5.309848333333333
2020,08,03,19,14,69.98440833333333,20.08899
2020,08,03,01,34,68.70077,15.425701666666667
2020,08,08,17,04,65.22551,11.901813333333333
2020,08,13,15,44,67.84051,14.081875
2020,08,06,13,14,70.39192166666666,22.423671666666667
2020,08,11,11,44,62.14931833333333,6.98776
2020,08,14,22,34,70.37433333333334,21.6067
2020,08,13,22,44,68.57127666666666,14.913863333333333
2020,08,12,18,04,64.487,10.440808333333333
2020,08,12,03,44,63.457033333333335,8.8524
2020,08,13,01,54,65.83886166666667,12.365038333333333
2020,08,03,04,24,68.90413,16.361758333333334
2020,08,14,20,44,70.034945,20.98397
2020,08,03,05,34,68.79950166666667,16.550048333333333
2020,08,11,05,54,62.277543333333334,5.338583333333333
2020,08,13,10,54,67.28886666666666,14.39487
2020,08,14,20,14,70.04246166666667,21.031501666666667
2020,08,08,20,44,64.74139,10.967688333333333
2020,08,08,00,14,67.31147666666666,14.378286666666666
2020,08,09,03,24,63.53796833333333,9.874056666666666
2020,08,05,00,04,70.68867833333333,30.27194
2020,08,12,17,54,64.44824666666666,10.446641666666666
2020,08,09,11,34,63.456761666666665,8.841206666666666
2020,08,11,06,44,62.325898333333335,5.746863333333334
2020,08,13,06,14,66.571665,13.086308333333333
2020,08,04,14,34,70.98502833333333,26.810106666666666
2020,08,13,07,34,66.81801333333334,13.537406666666667
2020,08,10,06,54,61.48753833333333,4.982481666666667
2020,08,12,10,44,63.44359166666667,10.407456666666667
2020,08,12,22,34,65.18664333333334,11.861075
2020,08,07,17,44,68.230915,14.566703333333333
2020,08,05,12,54,70.14851333333333,30.757281666666668
2020,08,03,21,34,70.11143166666666,21.075766666666667
2020,08,12,07,24,63.46241833333333,10.25607
2020,08,05,11,14,69.84262666666666,30.116208333333333
2020,08,08,20,14,64.82293666666666,11.15418
2020,08,10,12,04,60.470301666666664,5.24852
2020,08,09,18,24,62.71758666666667,7.00255
2020,08,04,03,34,70.665055,23.681163333333334
2020,08,14,08,14,69.14193166666666,17.783405
2020,08,06,18,04,70.03624,21.018581666666666
2020,08,03,20,34,70.04904666666667,21.028256666666667
2020,08,12,06,44,63.496611666666674,9.918226666666667
2020,08,09,12,34,63.36416833333333,8.371066666666668
2020,08,08,04,44,66.89277333333334,13.534201666666666
2020,08,03,07,24,69.02844333333333,17.307031666666667
2020,08,13,14,24,67.52500333333333,14.351825
2020,08,07,16,44,68.226975,14.564156666666667
2020,08,04,23,34,70.71629,29.94125
2020,08,08,16,24,65.35695833333334,12.05472
2020,08,12,01,44,63.23258166666667,7.98869
2020,08,04,06,54,70.99471,24.68853
2020,08,06,13,44,70.28740166666667,22.310276666666667
2020,08,14,18,04,69.84048,19.683776666666667
2020,08,14,03,54,68.88927,16.405726666666666
2020,08,09,12,14,63.40282166666667,8.51371
2020,08,11,05,34,62.24238166666667,5.223035
2020,08,13,00,24,65.47391,12.203136666666667
2020,08,10,03,44,61.913205,5.119396666666667
2020,08,14,18,24,69.87965,19.85159833333333
2020,08,05,23,54,71.04166666666667,27.843333333333334
2020,08,07,02,34,69.22920666666667,17.97022
2020,08,06,08,24,70.77847833333334,23.71901666666667
2020,08,12,21,04,64.90830666666666,11.365876666666667
2020,08,06,19,14,69.98581666666666,20.254711666666665
2020,08,13,21,14,68.32339,14.987206666666667
2020,08,10,05,54,61.601771666666664,5.025136666666667
2020,08,06,23,54,69.633705,18.944706666666665
2020,08,05,08,44,69.72888,30.071156666666667
2020,08,13,22,04,68.50225,15.173945
2020,08,11,04,24,61.98152,5.155663333333333
2020,08,05,07,14,69.73862833333334,30.07408
2020,08,14,17,24,69.78092833333334,19.247236666666666
2020,08,13,09,54,67.13879166666666,14.027181666666667
2020,08,15,06,24,71.02437166666667,24.538655
2020,08,07,20,54,68.068205,13.86502
2020,08,06,15,34,70.38888833333333,21.786523333333335
2020,08,10,11,44,60.535243333333334,5.278606666666667
2020,08,08,19,44,64.86006833333333,11.23877
2020,08,12,06,34,63.511451666666666,9.901506666666666
2020,08,10,03,54,61.89721333333333,5.154663333333334
2020,08,12,15,14,63.953471666666665,9.82592
2020,08,09,01,24,63.850728333333336,9.359683333333333
2020,08,11,13,04,62.114045,7.115796666666666
2020,08,06,12,54,70.43349333333333,22.60018
2020,08,05,09,44,69.72833333333334,30.071666666666665
2020,08,08,10,04,66.08502,12.69139
2020,08,11,01,34,61.60306,5.020796666666667
2020,08,14,10,24,69.37782833333333,18.086133333333333
2020,08,13,15,14,67.71995333333334,14.19473
2020,08,14,11,54,69.58450333333333,18.8465
2020,08,14,23,34,70.30111666666667,22.235636666666668
2020,08,12,08,14,63.443601666666666,10.407461666666666
2020,08,07,09,14,68.965425,15.63683
2020,08,12,23,04,65.31746,12.007763333333333
2020,08,12,15,04,63.91755,9.781278333333333
2020,08,07,09,54,68.81456833333333,15.436253333333333
2020,08,12,17,04,64.27885166666667,10.32603
2020,08,11,10,44,62.396501666666666,6.921261666666667
2020,08,12,10,34,63.443595,10.40746
2020,08,14,06,24,68.8723,16.815776666666668
2020,08,07,03,14,69.17149833333333,17.957391666666666
2020,08,11,00,04,61.32021666666667,4.803863333333333
2020,08,13,18,24,68.16211166666666,14.305218333333332
2020,08,07,08,44,68.96624,15.64114
2020,08,04,15,34,70.949445,27.33581
2020,08,07,05,34,68.85644,16.757981666666666
2020,08,03,02,54,68.96798,15.642231666666667
2020,08,07,17,24,68.23092,14.566721666666666
2020,08,11,18,04,62.563138333333335,6.189515
2020,08,12,19,44,64.748005,11.006103333333334
2020,08,14,20,54,70.03251666666667,20.995375
2020,08,10,00,54,62.323548333333335,5.593318333333333
2020,08,08,22,34,64.43035666666667,10.189901666666668
2020,08,08,06,54,66.652505,13.10877
2020,08,11,14,34,62.38545,6.925976666666666
2020,08,06,15,44,70.39275,21.659933333333335
2020,08,03,17,54,69.85282166666667,19.399488333333334
2020,08,03,20,44,70.03509333333334,21.015306666666667
2020,08,15,08,34,70.924815,25.572636666666668
2020,08,04,09,04,70.94415166666667,25.855853333333332
2020,08,11,06,14,62.308323333333334,5.537515
2020,08,15,02,34,70.62443833333333,23.333055
2020,08,04,21,54,70.76760166666666,29.67476
2020,08,07,21,54,67.83706,14.08255
2020,08,03,02,24,68.89494833333333,15.553268333333333
2020,08,14,10,04,69.32038333333334,18.000541666666667
2020,08,14,14,24,69.646495,18.960581666666666
2020,08,15,05,44,70.92224833333333,24.200326666666665
2020,08,03,03,54,68.96698,16.090375
2020,08,02,18,24,68.11722666666667,14.105986666666666
2020,08,04,06,14,70.99327333333333,24.435286666666666
2020,08,02,18,34,68.13752,14.226511666666667
2020,08,11,00,24,61.38181,4.820895
2020,08,13,05,34,66.43661666666667,12.990191666666666
2020,08,10,07,34,61.34762666666666,4.801546666666667
2020,08,05,01,34,70.40521,31.101715
2020,08,12,06,24,63.54793,9.863496666666666
2020,08,11,10,14,62.455421666666666,6.731438333333333
2020,08,10,19,04,60.392783333333334,5.309853333333334
2020,08,07,11,24,68.66104,15.411085
2020,08,14,02,04,68.89989833333334,15.56235
2020,08,14,09,14,69.228915,17.970015
2020,08,06,15,24,70.36883166666667,21.89531
2020,08,02,13,44,67.28582666666667,14.369585
2020,08,11,14,24,62.34039333333333,6.950331666666667
2020,08,03,03,04,68.968305,15.65688
2020,08,09,23,14,62.457881666666665,6.034023333333334
2020,08,12,10,14,63.44359333333333,10.407468333333334
2020,08,05,04,04,70.05837333333334,30.19539333333333
2020,08,09,22,04,62.47738833333333,6.154183333333333
2020,08,10,06,44,61.521645,5.004226666666667
2020,08,08,12,44,65.58328,12.222996666666667
2020,08,04,22,14,70.70898666666666,29.82551
2020,08,14,00,54,68.698805,15.420681666666667
2020,08,14,07,24,69.0412,17.328363333333332
2020,08,12,13,14,63.65011833333333,9.687241666666667
2020,08,04,14,04,70.97759833333333,26.477111666666666
2020,08,12,13,24,63.644515,9.63746
2020,08,14,22,54,70.39208833333333,21.77323
2020,08,03,05,04,68.80014166666666,16.560676666666666
2020,08,09,00,44,64.00303833333334,9.498706666666667
2020,08,07,22,44,67.65046333333333,14.256401666666667
2020,08,06,20,24,69.82685,19.579643333333333
2020,08,09,02,04,63.70433166666667,9.430856666666667
2020,08,09,10,14,63.595643333333335,9.465811666666667
2020,08,03,14,44,69.64650333333333,18.960595
2020,08,04,18,44,71.12693833333333,28.201303333333332
2020,08,03,13,54,69.64649666666666,18.960598333333333
2020,08,14,11,14,69.51461666666667,18.415175
2020,08,08,17,54,65.02721,11.699173333333333
2020,08,02,20,44,68.218185,14.597518333333333
2020,08,06,22,14,69.64649666666666,18.960561666666667
2020,08,14,11,34,69.54694166666667,18.649905
2020,08,13,18,14,68.12341333333333,14.182028333333333
2020,08,11,08,44,62.44461666666667,6.04865
2020,08,12,07,04,63.473346666666664,10.082851666666667
2020,08,14,19,54,70.05429833333334,20.879596666666668
2020,08,05,01,24,70.43882,31.021285
2020,08,03,09,24,69.228915,17.97006
2020,08,03,03,34,68.98457666666667,15.896066666666666
2020,08,15,12,34,70.98072333333333,25.969655
2020,08,03,22,14,70.255555,21.249903333333332
2020,08,13,22,34,68.57662,14.958738333333333
2020,08,10,04,44,61.774386666666665,5.049431666666667
2020,08,13,11,34,67.28887333333333,14.394883333333333
2020,08,14,18,44,69.93719666666667,20.07189
2020,08,04,01,04,70.33018,22.29381
2020,08,13,01,04,65.62801,12.246808333333334
2020,08,08,20,24,64.79048166666666,11.083448333333333
2020,08,02,23,24,68.55116666666666,15.070653333333333
2020,08,05,15,54,70.48182833333334,30.900196666666666
2020,08,10,04,24,61.821505,5.181273333333333
2020,08,02,10,14,67.11530166666667,13.99742
2020,08,04,13,54,70.97227333333333,26.292001666666668
2020,08,14,02,54,68.97654166666666,15.788563333333334
2020,08,08,17,34,65.10795666666667,11.807521666666666
2020,08,09,18,44,62.73317333333333,7.154533333333333
2020,08,08,03,34,67.08346333333333,13.927893333333333
2020,08,12,06,14,63.580061666666666,9.829531666666666
2020,08,05,17,14,70.693575,30.258763333333334
2020,08,02,21,44,68.33677833333333,14.97769
2020,08,02,22,14,68.36426166666666,14.988536666666667
2020,08,14,22,04,70.273765,21.321105
2020,08,08,09,34,66.15713333333333,12.910155
2020,08,09,22,14,62.475725,6.152385
2020,08,04,03,14,70.65305,23.562588333333334
2020,08,13,05,24,66.38325333333333,12.973285
2020,08,10,12,54,60.392786666666666,5.309853333333334
2020,08,07,19,44,68.11375,14.020203333333333
2020,08,05,02,34,70.293325,31.097783333333332
2020,08,04,19,44,70.97251,28.816316666666665
2020,08,03,06,24,68.881685,16.84839
2020,08,12,22,24,65.16155833333333,11.841708333333333
2020,08,03,11,14,69.51052833333334,18.376566666666665
2020,08,11,22,44,63.003655,7.032666666666667
2020,08,07,15,54,68.28603666666666,14.970643333333333
2020,08,09,21,44,62.53508166666666,6.155866666666666
2020,08,06,07,04,71.02789,24.545826666666667
2020,08,09,04,44,63.44358833333333,10.407455
2020,08,12,09,44,63.443596666666664,10.407465
2020,08,06,00,14,71.11151,27.789545
2020,08,13,16,04,67.92470833333333,14.00213
2020,08,07,05,44,68.823755,16.620981666666665
2020,08,14,12,24,69.64649833333333,18.960565
2020,08,11,11,54,62.130588333333336,6.965106666666666
2020,08,14,02,24,68.96504166666666,15.635598333333334
2020,08,11,21,34,62.797873333333335,6.96505
2020,08,12,12,04,63.472325,10.110941666666667
2020,08,14,16,44,69.644725,18.965493333333335
2020,08,04,17,44,71.06186166666667,27.829538333333332
2020,08,10,08,24,61.164343333333335,4.74056
2020,08,07,20,34,68.12066333333334,13.839873333333333
2020,08,03,04,14,68.93132666666666,16.28152
2020,08,03,23,14,70.38861833333333,21.779173333333333
2020,08,12,09,24,63.443596666666664,10.407468333333334
2020,08,07,21,34,67.92955666666667,13.995866666666666
2020,08,07,00,44,69.53125166666666,18.511333333333333
2020,08,10,00,14,62.33674,5.72865
2020,08,06,10,14,70.66496833333333,23.680346666666665
2020,08,05,11,04,69.80125,30.102973333333335
2020,08,07,02,14,69.28418166666667,17.972263333333334
2020,08,03,17,04,69.70390833333333,19.044265
2020,08,04,18,34,71.10813166666667,28.041133333333335
2020,08,03,14,24,69.64650166666667,18.960605
2020,08,03,20,14,70.04568833333333,20.793988333333335
2020,08,03,07,14,69.00821333333333,17.273801666666667
2020,08,04,19,54,70.95860833333333,28.868346666666667
2020,08,05,00,24,70.626415,30.46144
2020,08,07,02,44,69.22889833333333,17.969991666666665
2020,08,02,23,14,68.50843666666667,15.161718333333333
2020,08,11,21,14,62.719728333333336,6.98017
2020,08,07,23,04,67.57508833333333,14.320985
2020,08,07,10,54,68.69882666666666,15.420678333333333
2020,08,13,10,24,67.22917,14.206556666666666
2020,08,14,20,04,70.06101333333334,20.940213333333332
2020,08,13,07,14,66.793125,13.3561
2020,08,09,13,04,63.289585,8.179895
2020,08,06,13,54,70.24407166666667,22.32980166666667
2020,08,04,22,54,70.63041666666666,29.728425
2020,08,13,12,34,67.28888333333333,14.394895
2020,08,09,07,34,63.44359166666667,10.407468333333334
2020,08,04,18,24,71.09882,27.968088333333334
2020,08,13,11,44,67.288875,14.394881666666667
2020,08,05,15,04,70.37476333333333,31.104748333333333
2020,08,02,14,14,67.36542833333333,14.406135
2020,08,10,06,04,61.60177,5.0251383333333335
2020,08,07,21,24,67.964545,13.962853333333333
2020,08,04,21,44,70.79707166666667,29.552231666666668
2020,08,03,10,54,69.48726,18.21662
2020,08,11,16,54,62.47573,6.15239
2020,08,14,09,54,69.27191666666667,17.971608333333332
2020,08,04,02,24,70.53028,23.01356
2020,08,12,04,24,63.507385,9.125035
2020,08,13,12,24,67.28888333333333,14.394896666666666
2020,08,15,01,54,70.51402166666666,22.958668333333332
2020,08,10,18,14,60.39279,5.309853333333334
2020,08,11,01,24,61.594211666666666,4.958373333333333
2020,08,09,06,14,63.44359,10.407453333333333
2020,08,05,10,34,69.72888,30.07115
2020,08,03,00,54,68.63484666666666,15.358518333333333
2020,08,07,23,34,67.46955166666666,14.387255
2020,08,11,11,14,62.28218,7.011313333333334
2020,08,06,06,14,70.995715,24.745918333333332
2020,08,03,06,14,68.85466833333334,16.754318333333334
2020,08,06,15,54,70.38678,21.64382
2020,08,07,08,04,68.98404,15.885558333333334
2020,08,05,16,44,70.62033166666667,30.487718333333333
2020,08,09,16,24,63.03747333333333,7.212636666666667
2020,08,05,14,54,70.37476166666667,31.104756666666667
2020,08,10,19,44,60.429853333333334,5.273196666666666
2020,08,03,03,14,68.97820666666667,15.71345
2020,08,13,02,24,65.95880666666666,12.441588333333334
2020,08,11,17,44,62.49399833333333,6.147361666666667
2020,08,05,07,34,69.72887333333334,30.071153333333335
2020,08,07,11,04,68.69882166666666,15.42083
2020,08,07,18,14,68.23092333333334,14.56671
2020,08,03,09,14,69.228915,17.970065
2020,08,11,18,34,62.624135,6.399571666666667
2020,08,12,21,14,64.927905,11.422515
2020,08,15,02,44,70.639195,23.438055
2020,08,14,11,24,69.52999666666666,18.525741666666665
2020,08,12,20,34,64.860055,11.238753333333333
2020,08,03,20,24,70.06184,20.94291
2020,08,03,21,04,70.034945,20.98397
2020,08,11,03,04,61.81462833333333,5.16579
2020,08,07,17,34,68.23091333333333,14.566718333333334
2020,08,09,13,54,63.19284833333333,7.8233033333333335
2020,08,02,14,44,67.49705,14.369738333333334
2020,08,09,14,24,63.10487833333333,7.717735
2020,08,12,21,54,65.02979166666667,11.70449
2020,08,12,16,14,64.12687333333334,10.075788333333334
2020,08,13,03,04,66.02402833333333,12.637551666666667
2020,08,12,03,34,63.443815,8.774531666666666
2020,08,11,06,04,62.294025,5.444711666666667
2020,08,15,13,24,70.96888,26.17921
2020,08,11,19,44,62.71230666666667,7.0241983333333335
2020,08,06,07,24,70.96829833333334,24.34599
2020,08,05,23,14,71.08399666666666,27.885661666666667
2020,08,14,19,14,69.99519,20.378688333333333
2020,08,13,12,54,67.288875,14.394888333333334
2020,08,05,03,44,70.099805,30.410338333333332
2020,08,05,05,24,70.07097166666667,29.736703333333335
2020,08,04,17,14,71.13047666666667,27.74513
2020,08,13,06,44,66.691955,13.156531666666666
2020,08,13,07,24,66.81201,13.48183
2020,08,09,23,34,62.42523666666666,5.879908333333334
2020,08,03,05,14,68.79950333333333,16.550056666666666
2020,08,14,14,44,69.646495,18.960575
2020,08,03,18,24,69.958785,19.637115
2020,08,13,23,04,68.571225,14.911451666666666
2020,08,03,09,44,69.25284333333333,17.977371666666667
2020,08,11,17,14,62.475728333333336,6.152395
2020,08,13,06,04,66.54292333333333,13.00024
2020,08,09,10,44,63.540886666666665,9.249521666666666
2020,08,02,16,04,67.79825333333334,14.121333333333334
2020,08,15,09,34,70.98072666666667,25.969655
2020,08,07,18,44,68.22880833333333,14.567088333333333
2020,08,06,18,24,70.05658333333334,20.880648333333333
2020,08,07,01,24,69.46131,18.11423
2020,08,05,05,54,70.01042166666667,29.791986666666666
2020,08,13,07,54,66.86175333333334,13.692963333333333
2020,08,05,15,24,70.38534833333334,31.106791666666666
2020,08,08,02,34,67.28393666666666,14.358978333333333
2020,08,10,02,04,62.19292333333333,5.082543333333334
2020,08,02,20,24,68.23091333333333,14.566708333333333
2020,08,10,00,24,62.33674333333333,5.728601666666667
2020,08,11,10,24,62.44188333333334,6.82159
2020,08,12,17,24,64.34154833333334,10.444455
2020,08,09,22,54,62.475725,6.15239
2020,08,09,01,54,63.737435,9.375055
2020,08,06,18,44,70.02583333333334,20.650241666666666
2020,08,06,20,04,69.861255,19.782933333333332
2020,08,14,04,34,68.798605,16.549456666666668
2020,08,11,00,44,61.46086,4.950046666666666
2020,08,06,08,14,70.81012666666666,23.822786666666666
2020,08,14,05,44,68.79951166666666,16.55007
2020,08,07,16,54,68.23066833333333,14.566935
2020,08,09,20,54,62.630736666666664,6.519645
2020,08,11,05,24,62.21863333333334,5.147286666666667
2020,08,02,19,04,68.19470833333334,14.477813333333334
2020,08,04,03,54,70.66496833333333,23.68034
2020,08,10,09,54,60.82406833333334,4.7398066666666665
2020,08,09,08,24,63.470036666666665,10.152135
2020,08,08,10,44,66.02614,12.640771666666666
2020,08,06,16,14,70.30744833333334,21.433236666666666
2020,08,15,04,54,70.78728166666667,23.755716666666668
2020,08,04,09,34,70.98073666666667,25.969621666666665
2020,08,02,11,44,67.288845,14.394875
2020,08,09,11,14,63.48558666666667,9.016485
2020,08,11,06,34,62.317056666666666,5.6676633333333335
2020,08,03,10,14,69.33983333333333,18.061841666666666
2020,08,08,20,54,64.71604,10.875341666666667
2020,08,08,07,44,66.48725,12.987308333333333
2020,08,15,07,24,70.99612166666667,24.742878333333334
2020,08,04,12,24,70.98074333333334,25.969618333333333
2020,08,06,21,04,69.76592833333333,19.123871666666666
2020,08,07,19,54,68.11086666666667,13.967005
2020,08,03,11,54,69.57626,18.822963333333334
2020,08,09,02,44,63.64853166666666,9.669848333333332
2020,08,04,15,54,70.95577833333333,27.299828333333334
2020,08,08,06,34,66.74148166666667,13.204391666666666
2020,08,07,19,04,68.18375166666667,14.389818333333332
2020,08,15,08,14,70.97470166666666,25.391311666666667
2020,08,04,05,14,70.84166833333333,23.934358333333332
2020,08,05,08,04,69.72888,30.07115
2020,08,09,03,14,63.577101666666664,9.83335
2020,08,04,04,54,70.76917166666667,23.697071666666666
2020,08,08,08,34,66.275875,12.915885
2020,08,13,12,04,67.28887666666667,14.394878333333333
2020,08,04,21,14,70.86470666666666,29.262345
2020,08,09,16,04,63.06792166666666,7.390231666666667
2020,08,15,09,04,70.97188333333334,25.93725166666667
2020,08,12,16,54,64.24505333333333,10.284923333333333
2020,08,09,05,34,63.44358833333333,10.407453333333333
2020,08,10,04,04,61.86877,5.23829
2020,08,09,08,54,63.505163333333336,9.914945
2020,08,02,10,54,67.25722333333333,14.27509
2020,08,04,13,34,70.96527833333333,26.054478333333332
2020,08,04,01,34,70.41387833333333,22.522113333333333
2020,08,12,03,04,63.40036333333333,8.544665
2020,08,07,15,44,68.328985,14.973833333333333
2020,08,06,23,14,69.64648666666666,18.96056
2020,08,06,22,54,69.6465,18.960576666666668
2020,08,07,02,54,69.22742666666667,17.96378
2020,08,08,05,04,66.87343666666666,13.689965
2020,08,02,19,24,68.23063666666667,14.567116666666667
2020,08,09,06,24,63.44359,10.40747
2020,08,03,02,34,68.92406666666666,15.587503333333334
2020,08,03,03,24,68.978215,15.753933333333332
2020,08,11,06,54,62.33674166666667,5.728613333333334
2020,08,12,11,24,63.44399,10.407818333333333
2020,08,03,08,34,69.16106833333333,17.913516666666666
2020,08,13,10,44,67.286195,14.369968333333333
2020,08,10,09,04,61.022641666666665,4.754838333333334
2020,08,06,11,24,70.65096666666666,23.537133333333333
2020,08,08,11,24,65.92281833333334,12.38601
2020,08,15,05,34,70.89216833333333,24.101031666666668
2020,08,07,22,34,67.68749666666666,14.221956666666667
2020,08,14,13,44,69.64649333333334,18.960581666666666
2020,08,05,03,24,70.16045666666666,30.661846666666666
2020,08,10,07,14,61.43339666666667,4.880321666666666
2020,08,14,06,44,68.93052833333333,17.018176666666665
2020,08,14,09,34,69.22892,17.969985
2020,08,06,19,04,69.99778,20.364228333333333
2020,08,09,16,44,63.015436666666666,7.044046666666667
2020,08,12,20,54,64.88566333333333,11.309758333333333
2020,08,13,11,04,67.28833333333333,14.395
2020,08,15,06,04,70.98040333333333,24.392385
2020,08,05,14,14,70.37476833333334,31.10482
2020,08,04,22,34,70.63385,29.74815
2020,08,04,20,24,70.86755166666667,29.13636
2020,08,13,02,14,65.92159,12.387748333333333
2020,08,09,00,04,64.15404333333333,9.65704
2020,08,08,12,24,65.68369833333334,12.265593333333333
2020,08,05,07,24,69.728925,30.071108333333335
2020,08,11,16,24,62.42178333333333,6.056873333333334
2020,08,11,11,24,62.236776666666664,7.0201633333333335
2020,08,02,17,34,68.12092333333334,13.839541666666667
2020,08,02,13,04,67.288855,14.394891666666666
2020,08,03,16,54,69.68368166666667,19.0299
2020,08,03,06,04,68.83683666666667,16.69267333333333
2020,08,02,14,34,67.45542333333333,14.405356666666666
2020,08,10,00,34,62.32559166666667,5.749713333333333
2020,08,04,11,14,70.980725,25.969628333333333
2020,08,07,12,44,68.57124833333333,14.911468333333334
2020,08,13,09,34,67.068765,13.900218333333333
2020,08,07,16,24,68.22940333333334,14.772058333333334
2020,08,06,20,44,69.79335166666667,19.330141666666666
2020,08,11,23,24,63.048991666666666,7.318538333333334
2020,08,07,19,14,68.16257333333333,14.302571666666667
2020,08,09,07,54,63.443405,10.372588333333333
2020,08,08,14,04,65.47572833333334,12.210443333333334
2020,08,08,11,14,65.95047833333334,12.425121666666668
2020,08,08,05,54,66.82054166666667,13.549295
2020,08,14,09,44,69.232545,17.964575
2020,08,11,12,34,62.103785,7.19249
2020,08,14,09,24,69.22891333333334,17.970013333333334
2020,08,12,12,54,63.59520666666667,9.819648333333333
2020,08,03,08,24,69.15350166666667,17.862776666666665
2020,08,04,16,44,71.08584333333333,27.390905
2020,08,06,08,04,70.84376666666667,23.933951666666665
2020,08,06,14,24,70.23721333333333,22.349233333333334
2020,08,12,14,34,63.834855,9.626
2020,08,02,13,24,67.28885666666666,14.39489
2020,08,15,16,14,71.10328666666666,27.466273333333334
2020,08,09,22,44,62.475725,6.1523916666666665
2020,08,04,11,34,70.98072833333333,25.969625
2020,08,14,06,14,68.84833166666667,16.732673333333334
2020,08,05,11,44,69.93488,30.262815
2020,08,04,17,54,71.04166666666667,27.843333333333334
2020,08,05,03,34,70.12444166666667,30.512101666666666
2020,08,10,07,54,61.28187666666667,4.77974
2020,08,10,01,54,62.22125333333334,5.134041666666667
2020,08,13,09,44,67.09735333333333,13.959535
2020,08,10,05,44,61.602093333333336,5.025638333333333
2020,08,04,13,44,70.97030833333334,26.223135
2020,08,14,05,24,68.79951166666666,16.550063333333334
2020,08,04,06,04,70.97140666666667,24.362746666666666
2020,08,13,08,24,66.89214666666666,13.6357
2020,08,15,07,04,70.99488833333334,24.688873333333333
2020,08,14,22,24,70.34847666666667,21.540455
2020,08,06,20,54,69.78305833333333,19.252785
2020,08,07,22,24,67.72434833333334,14.187838333333334
2020,08,12,22,54,65.26002166666666,11.940085
2020,08,14,20,24,70.03278833333333,20.994926666666668
2020,08,13,15,24,67.76773333333334,14.149991666666667
2020,08,10,21,44,60.776938333333334,4.77171
2020,08,08,03,14,67.15256333333333,14.03693
2020,08,07,12,24,68.57124666666667,14.911465
2020,08,12,14,44,63.86911833333333,9.696003333333334
2020,08,13,02,04,65.880405,12.371206666666666
2020,08,06,16,54,70.1955,21.123093333333333
2020,08,04,00,54,70.28595166666666,22.311665
2020,08,07,14,34,68.39893333333333,15.101973333333333
2020,08,06,10,24,70.66496666666667,23.680345
2020,08,03,06,34,68.90771166666667,16.938633333333332
2020,08,12,08,34,63.443603333333336,10.40746
2020,08,03,15,34,69.64650666666667,18.960595
2020,08,13,03,34,66.09993166666666,12.73237
2020,08,11,13,44,62.19423333333334,7.021898333333334
2020,08,10,11,54,60.513688333333334,5.263183333333333
2020,08,13,01,24,65.71371333333333,12.284451666666667
2020,08,13,07,44,66.83093166666667,13.644368333333333
2020,08,06,10,54,70.66496333333333,23.680343333333333
2020,08,09,09,24,63.60951,9.803886666666667
2020,08,06,20,14,69.84098833333333,19.684236666666667
2020,08,06,09,54,70.665,23.68
2020,08,08,15,34,65.47572666666667,12.210421666666667
2020,08,14,16,14,69.64649666666666,18.960581666666666
2020,08,05,17,04,70.66507,30.348276666666667
2020,08,15,03,54,70.664975,23.680338333333335
2020,08,03,02,14,68.85894666666667,15.505001666666667
2020,08,13,19,14,68.230935,14.5667
2020,08,12,09,04,63.4436,10.407465
2020,08,12,18,54,64.62921,10.684328333333333
2020,08,07,01,34,69.42196333333334,18.121578333333332
2020,08,13,23,44,68.58605333333334,15.15852
2020,08,14,07,34,69.070265,17.37642
2020,08,06,21,54,69.64644,18.960463333333333
2020,08,11,00,14,61.36001666666667,4.809448333333333
2020,08,12,12,14,63.47741333333333,10.018788333333333
2020,08,08,14,54,65.47572333333333,12.210425
2020,08,04,02,44,70.59983666666666,23.249016666666666
2020,08,14,02,34,68.968175,15.64538
2020,08,15,04,34,70.73999833333333,23.630075
2020,08,05,04,24,70.04351,29.953223333333334
2020,08,10,07,04,61.46518666666667,4.94863
2020,08,13,19,34,68.23093166666666,14.56671
2020,08,13,19,04,68.23093666666666,14.566691666666667
2020,08,15,12,24,70.98072666666667,25.969661666666667
2020,08,09,15,44,63.105345,7.52732
2020,08,05,13,34,70.26667166666667,31.05390166666667
2020,08,08,10,14,66.04620333333334,12.639013333333333
2020,08,10,18,34,60.392786666666666,5.309851666666667
2020,08,08,10,54,66.01173833333333,12.556313333333334
2020,08,14,00,24,68.69171,15.432155
2020,08,15,01,14,70.42102333333334,22.553123333333332
2020,08,13,13,34,67.32302333333334,14.379921666666666
2020,08,05,03,14,70.185955,30.767853333333335
2020,08,14,21,14,70.09875833333334,21.067933333333333
2020,08,04,00,14,70.24075833333333,22.337446666666665
2020,08,14,16,04,69.64649333333334,18.960576666666668
2020,08,08,04,04,66.99266333333334,13.703375
2020,08,07,16,04,68.24137666666667,14.926878333333333
2020,08,14,01,24,68.76881333333333,15.430375
2020,08,13,13,54,67.39068833333333,14.430216666666666
2020,08,12,13,44,63.656058333333334,9.478478333333333
2020,08,12,11,44,63.45999666666667,10.300056666666666
2020,08,11,21,54,62.877903333333336,6.929075
2020,08,04,13,14,70.98069833333334,25.969433333333335
2020,08,14,19,34,70.01696333333334,20.599026666666667
2020,08,11,21,44,62.83470666666667,6.97663
2020,08,06,08,44,70.72315333333333,23.598291666666668
2020,08,05,09,34,69.72888333333333,30.071155
2020,08,05,11,24,69.88328,30.141961666666667
2020,08,11,04,54,62.113465,5.087903333333333
2020,08,07,21,14,67.989155,13.93984
2020,08,10,03,24,61.939483333333335,5.122891666666667
2020,08,07,10,24,68.70591833333333,15.42783
2020,08,06,17,14,70.10107333333333,21.065433333333335
2020,08,09,16,54,63.00045166666666,6.973621666666666
2020,08,06,07,44,70.91698666666667,24.175996666666666
2020,08,11,22,24,62.97634333333333,6.876973333333333
2020,08,07,23,44,67.42217333333333,14.446406666666666
2020,08,08,12,34,65.63782333333333,12.246051666666666
2020,08,05,05,44,70.05073333333333,29.725398333333334
2020,08,07,18,04,68.23092333333334,14.566711666666667
2020,08,08,07,24,66.57870166666666,12.978095
2020,08,09,11,24,63.470998333333334,8.92772
2020,08,12,07,14,63.46745333333333,10.175783333333333
2020,08,10,16,54,60.392786666666666,5.309856666666667
2020,08,13,18,54,68.21058666666667,14.552016666666667
2020,08,09,00,24,64.07914666666667,9.57846
2020,08,09,06,04,63.44358833333333,10.407458333333333
2020,08,12,07,34,63.45954,10.30067
2020,08,05,22,44,71.126245,28.188831666666665
2020,08,05,00,54,70.53345333333333,30.742
2020,08,05,10,54,69.75819166666666,30.080375
2020,08,09,21,14,62.61966,6.3171816666666665
2020,08,14,07,54,69.11182,17.575828333333334
2020,08,14,05,04,68.79950833333334,16.550065
2020,08,08,06,24,66.77538666666666,13.268975
2020,08,12,22,44,65.24027,11.918426666666667
2020,08,10,23,54,61.281725,4.781321666666667
2020,08,09,20,04,62.69121666666667,6.912785
2020,08,07,00,54,69.51749333333333,18.407493333333335
2020,08,03,15,04,69.64650333333333,18.960603333333335
2020,08,10,11,24,60.591883333333335,5.155131666666667
2020,08,06,23,34,69.64649333333334,18.960561666666667
2020,08,10,21,14,60.669016666666664,4.87622
2020,08,08,20,34,64.77362,11.04773
2020,08,15,01,04,70.39969166666667,22.459305
2020,08,10,18,54,60.392785,5.309851666666667
2020,08,05,16,34,70.58976,30.583661666666668
2020,08,10,09,34,60.91042,4.76221
2020,08,07,15,24,68.36381333333334,14.947991666666667
2020,08,03,03,44,68.97443333333334,16.009508333333333
2020,08,15,00,34,70.29864333333333,22.306538333333332
2020,08,02,15,44,67.71918333333333,14.195413333333333
2020,08,15,15,44,71.03042833333333,27.18917
2020,08,10,23,44,61.248106666666665,4.73265
2020,08,03,17,24,69.76753,19.149058333333333
2020,08,10,23,24,61.17295166666667,4.73677
2020,08,14,04,24,68.82798666666666,16.60598
2020,08,08,09,54,66.10331,12.728958333333333
2020,08,05,04,14,70.05089166666667,30.075236666666665
2020,08,09,12,44,63.348526666666665,8.334536666666667
2020,08,08,18,24,64.94935333333333,11.491781666666666
2020,08,03,02,44,68.95690666666667,15.614006666666667
2020,08,10,02,44,62.046958333333336,5.136365
2020,08,09,01,44,63.77249666666667,9.327063333333333
2020,08,10,17,24,60.392783333333334,5.3098616666666665
2020,08,13,16,14,67.94624833333333,13.981446666666667
2020,08,11,02,14,61.634238333333336,4.981293333333333
2020,08,05,16,54,70.64951833333333,30.396876666666667
2020,08,15,06,14,71.00673833333333,24.479451666666666
2020,08,08,07,34,66.53973333333333,12.975765
2020,08,14,03,24,68.959075,16.125163333333333
2020,08,05,01,54,70.37476666666667,31.104725
2020,08,07,14,04,68.47845,15.211948333333334
2020,08,11,15,44,62.40750666666667,6.360431666666667
2020,08,12,21,34,64.98765666666667,11.596448333333333
2020,08,14,11,44,69.55780833333333,18.75214
2020,08,12,11,14,63.44359333333333,10.407468333333334
2020,08,08,06,44,66.69846,13.158503333333334
2020,08,04,11,04,70.980725,25.969623333333335
2020,08,06,12,04,70.58203333333333,23.17299
2020,08,04,23,44,70.72913166666666,30.065053333333335
2020,08,03,00,04,68.57137,14.911073333333333
2020,08,11,12,54,62.10467333333333,7.193056666666667
2020,08,12,22,04,65.072335,11.764236666666667
2020,08,14,01,04,68.69742333333333,15.424428333333333
2020,08,04,04,44,70.76529166666667,23.684258333333332
2020,08,04,02,34,70.57190833333334,23.154758333333334
2020,08,10,19,14,60.392783333333334,5.309853333333334
2020,08,03,13,34,69.64649833333333,18.960598333333333
2020,08,10,03,14,61.93966,5.131011666666667
2020,08,03,19,34,69.99924333333334,20.36224
2020,08,15,05,04,70.82444333333333,23.878148333333332
2020,08,05,12,44,70.11405,30.682805
2020,08,05,08,34,69.72888,30.071155
2020,08,03,01,04,68.65908,15.414028333333333
2020,08,13,08,54,66.96221166666666,13.517481666666667
2020,08,05,04,44,70.052485,29.754081666666668
2020,08,13,06,54,66.73620833333334,13.208528333333334
2020,08,05,03,04,70.19851166666666,30.82004
2020,08,08,12,04,65.75136666666667,12.298913333333333
2020,08,06,13,24,70.35449,22.301715
2020,08,07,04,54,68.95610166666667,17.096078333333335
2020,08,02,15,14,67.611555,14.291241666666666
2020,08,02,23,54,68.57136166666666,14.911095
2020,08,11,16,44,62.47847333333333,6.1521316666666666
2020,08,07,02,24,69.24585833333333,17.969741666666668
2020,08,08,23,14,64.31965333333333,9.923823333333333
2020,08,13,21,04,68.28599166666666,14.972516666666667
2020,08,02,14,24,67.40462833333333,14.44122
2020,08,13,20,44,68.21672,14.879048333333333
2020,08,04,05,44,70.91726833333334,24.18404333333333
2020,08,04,04,04,70.66509166666667,23.680413333333334
2020,08,07,18,24,68.23092166666666,14.566708333333333
2020,08,05,08,14,69.72887833333333,30.071148333333333
2020,08,13,18,44,68.19859,14.50848
2020,08,10,10,44,60.65488666666667,4.894105
2020,08,11,09,04,62.38942,6.1645916666666665
2020,08,08,14,34,65.475725,12.210423333333333
2020,08,11,15,54,62.39678166666667,6.2704466666666665
2020,08,05,09,04,69.72888333333333,30.071166666666667
2020,08,11,06,24,62.310633333333335,5.581485
2020,08,14,15,34,69.64649666666666,18.960578333333334
2020,08,08,23,44,64.22932833333333,9.736185
2020,08,07,18,34,68.23092166666666,14.566703333333333
2020,08,12,08,24,63.443603333333336,10.40746
2020,08,03,19,54,70.01449833333334,20.580916666666667
2020,08,09,18,34,62.725426666666664,7.074825
2020,08,15,05,54,70.94518666666667,24.27574
2020,08,04,12,04,70.98073833333333,25.969616666666667
2020,08,13,00,34,65.49839333333334,12.197303333333334
2020,08,15,01,34,70.46162833333334,22.731385
2020,08,13,11,14,67.28887,14.394875
2020,08,03,18,34,69.97328166666667,19.685616666666668
2020,08,07,13,34,68.57235333333334,14.996776666666667
2020,08,14,10,34,69.42994166666666,18.125278333333334
2020,08,12,19,24,64.70787833333333,10.864506666666667
2020,08,14,03,44,68.91822,16.320115
2020,08,09,14,14,63.122908333333335,7.679633333333333
2020,08,13,02,34,65.99278666666666,12.504518333333333
2020,08,08,11,44,65.843305,12.3591
2020,08,04,14,14,70.97982666666667,26.61047
2020,08,15,11,14,70.980725,25.969648333333332
2020,08,02,15,04,67.5636,14.32696
2020,08,14,08,54,69.22351,17.96597166666667
2020,08,10,20,24,60.55730166666667,5.240358333333333
2020,08,08,21,04,64.69192833333334,10.788871666666667
2020,08,12,04,04,63.48182833333333,9.01102
2020,08,14,03,34,68.94826833333333,16.203958333333333
2020,08,14,08,04,69.12827833333333,17.689576666666667
2020,08,04,10,34,70.980735,25.969631666666672
2020,08,09,13,44,63.210095,7.883345
2020,08,05,15,44,70.45348833333334,30.982146666666665
2020,08,06,14,04,70.237215,22.349241666666668
2020,08,04,08,04,70.98750833333334,25.197478333333333
2020,08,08,18,34,64.935865,11.445706666666666
2020,08,09,00,14,64.13071833333333,9.63252
2020,08,03,10,34,69.41374166666667,18.118605
2020,08,11,00,54,61.49552333333333,4.987101666666667
2020,08,08,23,54,64.19189666666666,9.69677
2020,08,09,14,34,63.11485,7.737041666666666
2020,08,10,22,14,60.873286666666665,4.77558
2020,08,12,23,14,65.35493666666666,12.05676
2020,08,10,20,14,60.525603333333336,5.27795
2020,08,04,11,44,70.98073833333333,25.969616666666667
2020,08,03,05,54,68.80513,16.568053333333335
2020,08,04,03,24,70.66692,23.675821666666668
2020,08,08,06,14,66.79588166666667,13.363375
2020,08,13,00,04,65.47573333333334,12.210435
2020,08,02,18,14,68.11135166666666,13.976558333333333
2020,08,03,14,14,69.64650166666667,18.960601666666665
2020,08,02,23,04,68.486245,15.213806666666667
2020,08,03,13,44,69.6465,18.960598333333333
2020,08,08,23,04,64.34729666666667,9.990218333333333
2020,08,09,09,04,63.54055,9.877176666666667
2020,08,14,22,44,70.40311833333334,21.704531666666668
2020,08,04,13,04,70.98074666666666,25.969635
2020,08,12,01,04,63.146135,7.7179166666666665
2020,08,06,18,54,70.00854833333334,20.5057
2020,08,05,00,34,70.59522833333334,30.556041666666665
2020,08,10,22,34,60.96729833333333,4.759593333333333
2020,08,11,08,24,62.47572666666667,6.15238
2020,08,11,03,34,61.874595,5.18649
2020,08,11,11,34,62.19124333333333,7.028816666666667
2020,08,12,01,34,63.21487666666667,7.915423333333333
2020,08,09,02,14,63.668035,9.467115
2020,08,14,18,54,69.96632833333334,20.182411666666667
2020,08,13,05,14,66.33619333333333,12.953223333333334
2020,08,09,17,04,62.979675,6.885818333333333
2020,08,02,13,14,67.28885666666666,14.394893333333334
2020,08,03,15,44,69.64650666666667,18.960595
2020,08,14,02,44,68.97681333333334,15.706875
2020,08,05,05,14,70.07097166666667,29.736708333333333
2020,08,09,04,24,63.449465,10.358311666666667
2020,08,09,15,34,63.123158333333336,7.605845
2020,08,09,23,44,62.393116666666664,5.8081
2020,08,07,04,24,69.04728666666666,17.313171666666666
2020,08,08,15,14,65.47572666666667,12.210413333333333
2020,08,14,17,14,69.765225,19.1323
2020,08,07,21,04,68.03112333333333,13.90009
2020,08,15,15,14,70.94944833333334,27.335836666666665
2020,08,15,02,24,70.59572,23.235336666666665
2020,08,10,18,04,60.392786666666666,5.30985
2020,08,09,17,24,62.92589666666667,6.830606666666666
2020,08,03,22,34,70.303265,21.424946666666667
2020,08,05,23,24,71.04169833333333,27.83571
2020,08,04,09,54,70.98073333333333,25.969623333333335
2020,08,07,11,34,68.62444333333333,15.312771666666666
2020,08,06,13,04,70.411745,22.507806666666667
2020,08,12,01,54,63.25038833333333,8.062201666666667
2020,08,06,21,14,69.74900833333334,19.06326333333333
2020,08,14,11,04,69.49831,18.296211666666668
2020,08,03,08,04,69.120065,17.633331666666667
2020,08,03,00,14,68.576315,14.961166666666667
2020,08,12,01,14,63.17267666666667,7.777958333333333
2020,08,03,12,14,69.63950333333334,18.956191666666665
2020,08,10,07,24,61.39565833333333,4.829953333333333
2020,08,11,22,34,62.99025,6.95467
2020,08,13,19,54,68.23093166666666,14.566708333333333
2020,08,13,14,04,67.43719,14.428261666666666
2020,08,04,09,44,70.98073166666667,25.969618333333333
2020,08,15,08,44,70.93566666666666,25.73352
2020,08,03,23,24,70.37157,21.882455
2020,08,12,23,24,65.38264166666667,12.102328333333332
2020,08,07,04,14,69.06775833333333,17.3534
2020,08,06,21,34,69.67011666666667,19.008221666666667
2020,08,12,06,04,63.603773333333336,9.804825
2020,08,08,16,54,65.26803833333334,11.946245
2020,08,03,20,04,70.02821666666667,20.674598333333332
2020,08,06,08,34,70.76799333333334,23.683895
2020,08,05,04,34,70.03900833333333,29.878731666666667
2020,08,15,13,04,70.96430333333333,25.973821666666666
2020,08,08,22,14,64.48769833333333,10.323016666666666
2020,08,03,14,54,69.64650166666667,18.9606
2020,08,03,12,04,69.60876166666667,18.900318333333335
2020,08,04,05,34,70.89676333333334,24.115708333333334
2020,08,12,08,04,63.444918333333334,10.40852
2020,08,15,12,54,70.980765,25.968115
2020,08,11,22,54,63.01407833333333,7.093001666666667
2020,08,09,16,34,63.02317,7.130418333333333
2020,08,03,01,44,68.7387,15.42474
2020,08,02,21,24,68.25332666666667,14.944176666666667
2020,08,04,05,24,70.86244166666667,24.00279
2020,08,08,08,44,66.250505,12.902628333333332
2020,08,08,14,44,65.475725,12.210423333333333
2020,08,06,09,34,70.664965,23.680348333333335
2020,08,12,00,44,63.108088333333335,7.731568333333334
2020,08,04,16,34,71.06493333333333,27.300206666666668
2020,08,04,04,24,70.68340833333333,23.560461666666665
2020,08,10,08,34,61.144378333333336,4.740436666666667
2020,08,11,14,14,62.29976166666667,6.994843333333334
2020,08,10,08,54,61.05895833333334,4.728673333333333
2020,08,15,08,24,70.94953,25.477091666666666
2020,08,13,08,34,66.89405833333333,13.539356666666666
2020,08,06,14,44,70.28661333333334,22.300311666666666
2020,08,14,14,14,69.64649333333334,18.960576666666668
2020,08,06,12,44,70.46411,22.730896666666666
2020,08,02,11,34,67.28884333333333,14.394878333333333
2020,08,03,01,24,68.69881666666667,15.420701666666666
2020,08,09,12,54,63.316811666666666,8.263706666666666
2020,08,02,16,24,67.87944,14.045096666666666
2020,08,07,04,44,68.97265833333333,17.151883333333334
2020,08,07,09,44,68.85340166666667,15.494221666666666
2020,08,11,15,14,62.44276833333333,6.62375
2020,08,12,03,54,63.46849666666667,8.932411666666667
2020,08,11,15,24,62.430795,6.536156666666667
2020,08,05,10,14,69.72888166666667,30.071153333333335
2020,08,09,03,34,63.499341666666666,9.914735
2020,08,02,16,14,67.83975166666667,14.08252
2020,08,03,15,24,69.64650666666667,18.960596666666667
2020,08,11,17,04,62.47572666666667,6.152395
2020,08,08,01,44,67.28884833333333,14.39485
2020,08,10,02,34,62.08363833333333,5.108301666666667
2020,08,14,15,54,69.6465,18.96057
2020,08,15,03,44,70.664975,23.680333333333333
2020,08,05,16,24,70.555345,30.68864
2020,08,02,19,34,68.23091833333334,14.566713333333333
2020,08,15,03,24,70.66497333333334,23.680328333333332
2020,08,09,13,14,63.266331666666666,8.109168333333333
2020,08,04,23,24,70.67471333333333,29.846813333333333
2020,08,02,23,44,68.57141666666666,14.913691666666667
2020,08,12,17,14,64.30524,10.37998
2020,08,10,22,44,61.01445833333333,4.759865
2020,08,07,13,14,68.57124666666667,14.911463333333334
2020,08,06,13,34,70.30924166666667,22.300813333333334
2020,08,04,00,04,70.275895,22.31528
2020,08,05,10,44,69.73065166666666,30.071148333333333
2020,08,14,17,44,69.807565,19.442778333333333
2020,08,06,18,34,70.03542833333333,20.717985
2020,08,11,22,04,62.90365666666667,6.862101666666667
2020,08,02,18,04,68.10712,13.854985
2020,08,03,10,24,69.37557666666666,18.089088333333333
2020,08,12,02,54,63.38442666666667,8.471336666666666
2020,08,08,11,34,65.873,12.364193333333333
2020,08,11,19,34,62.69912166666667,6.9555
2020,08,10,10,14,60.751956666666665,4.790148333333334
2020,08,07,09,24,68.93065166666666,15.592766666666666
2020,08,12,15,34,64.00508666666667,9.958918333333333
2020,08,02,22,24,68.33685833333334,15.019678333333333
2020,08,08,22,04,64.517615,10.391208333333333
2020,08,02,19,54,68.23092,14.5667
2020,08,12,11,54,63.46819333333333,10.178095
2020,08,05,15,34,70.42623166666667,31.060245
2020,08,08,21,14,64.66175666666666,10.719833333333334
2020,08,10,02,24,62.12019166666666,5.085975
2020,08,04,13,24,70.97073833333333,25.950735
2020,08,15,15,54,71.057055,27.266038333333334
2020,08,12,13,34,63.627605,9.520815
2020,08,04,12,14,70.98074,25.969616666666667
2020,08,05,11,54,69.97073,30.346436666666666
2020,08,12,00,04,63.12064,7.662315
2020,08,11,18,24,62.62137333333333,6.346073333333333
2020,08,10,01,14,62.293145,5.436976666666666
2020,08,12,14,04,63.731123333333336,9.538406666666667
2020,08,13,22,54,68.57122333333334,14.911453333333334
2020,08,07,20,24,68.12066166666666,13.839875
2020,08,05,03,54,70.07833833333333,30.32152333333333
2020,08,02,17,14,68.05466833333334,13.877836666666667
2020,08,10,01,34,62.264091666666666,5.279535
2020,08,11,05,04,62.13612833333333,5.078326666666666
2020,08,14,00,34,68.69880666666667,15.420683333333333
2020,08,09,03,54,63.47268666666667,10.092175
2020,08,06,18,14,70.06395166666667,20.945026666666667
2020,08,15,07,34,70.99264666666667,24.916691666666665
2020,08,15,15,04,70.94942166666667,27.336008333333332
2020,08,14,12,54,69.646495,18.960575
2020,08,09,10,04,63.617468333333335,9.544205
2020,08,02,12,54,67.28885333333334,14.39489
2020,08,11,01,04,61.53396333333333,5.0056183333333335
2020,08,14,07,44,69.09905833333333,17.48871
2020,08,08,13,04,65.50415666666666,12.194841666666667
2020,08,10,02,14,62.157135,5.071115
2020,08,13,20,34,68.2337,14.755601666666667
2020,08,05,13,54,70.357875,31.146673333333332
2020,08,14,16,54,69.68876166666666,19.033506666666668
2020,08,11,18,44,62.630555,6.520341666666667
2020,08,10,05,14,61.670703333333336,4.961321666666667
2020,08,13,12,44,67.288885,14.39489
2020,08,12,20,04,64.81717,11.145125
2020,08,03,08,44,69.18105333333334,18.007838333333332
2020,08,08,12,14,65.70746,12.2756
2020,08,12,00,24,63.11488833333333,7.737015
2020,08,03,22,54,70.374925,21.608075
2020,08,07,19,34,68.12358833333333,14.175788333333333
2020,08,10,21,34,60.743611666666666,4.804155
2020,08,10,04,54,61.74463,4.983811666666667
2020,08,04,21,24,70.842345,29.363695
2020,08,11,08,14,62.47573666666667,6.152405
2020,08,04,10,04,70.98073666666667,25.969626666666667
2020,08,04,17,04,71.13091666666666,27.586516666666668
2020,08,07,20,14,68.12068833333333,13.839628333333334
2020,08,09,21,54,62.49417666666667,6.149853333333334
2020,08,15,14,34,70.98775666666667,27.05369333333333
2020,08,05,13,44,70.30735333333334,31.104653333333335
2020,08,08,00,34,67.29000666666667,14.393386666666666
2020,08,03,08,14,69.135875,17.741998333333335
2020,08,04,02,14,70.51514,22.962226666666666
2020,08,06,10,04,70.66497,23.680346666666665
2020,08,08,00,04,67.34842166666667,14.389536666666666
2020,08,06,14,54,70.31170166666666,22.195503333333335
2020,08,10,01,24,62.28060833333333,5.353588333333334
2020,08,03,23,04,70.399385,21.68334
2020,08,05,00,44,70.56439666666667,30.650165
2020,08,13,17,24,68.12068666666667,13.83992
2020,08,11,05,44,62.267915,5.293335
2020,08,15,00,44,70.33951333333333,22.290183333333335
2020,08,02,22,34,68.37565166666667,15.06346
2020,08,10,13,04,60.392788333333336,5.309855
2020,08,06,15,14,70.34521,22.024146666666667
2020,08,14,04,04,68.873735,16.511015
2020,08,11,12,04,62.095645,7.01087
2020,08,12,02,44,63.36432666666666,8.400831666666667
2020,08,08,14,24,65.47572833333334,12.210428333333333
2020,08,09,10,24,63.57436166666667,9.38514
2020,08,08,00,44,67.288845,14.39487
2020,08,10,21,04,60.638086666666666,4.928355
2020,08,15,04,44,70.76617166666666,23.686788333333332
2020,08,08,12,54,65.54774166666667,12.208941666666666
2020,08,11,14,04,62.278685,7.015621666666667
2020,08,05,02,24,70.32854166666667,31.12787
2020,08,09,22,34,62.47572666666667,6.15239
2020,08,12,05,44,63.65467666666667,9.715816666666667
2020,08,03,02,04,68.82211,15.450991666666667
2020,08,07,14,44,68.37118666666667,15.053941666666667
2020,08,14,13,04,69.646495,18.960575
2020,08,04,04,14,70.66429166666667,23.660708333333332
2020,08,14,17,54,69.81978166666667,19.532325
2020,08,09,07,14,63.44359,10.40747
2020,08,06,21,44,69.65010166666667,18.97667
2020,08,02,16,44,67.94652,13.981268333333333
2020,08,08,18,44,64.90059166666667,11.34362
2020,08,08,13,14,65.47633833333333,12.210791666666667
2020,08,10,12,14,60.429111666666664,5.272178333333334
2020,08,04,20,34,70.857375,29.11385
2020,08,10,07,44,61.308058333333335,4.798678333333333
2020,08,02,19,44,68.23091833333334,14.566708333333333
2020,08,03,12,54,69.6465,18.960593333333332
2020,08,10,01,44,62.243001666666665,5.207516666666667
2020,08,10,22,04,60.84677,4.76973
2020,08,14,01,34,68.80830833333333,15.438845
2020,08,12,03,14,63.413961666666665,8.622255
2020,08,09,18,14,62.75756666666667,6.951373333333334
2020,08,08,18,04,65.00978666666667,11.655565
2020,08,11,19,04,62.64862333333333,6.649543333333333
2020,08,04,18,54,71.11166666666666,28.29177333333333
2020,08,13,05,04,66.30709166666666,12.937966666666666
2020,08,08,05,44,66.83698833333334,13.672606666666667
2020,08,14,07,14,68.99694,17.24964
2020,08,07,23,54,67.38500333333333,14.423768333333333
2020,08,08,19,24,64.86006833333333,11.238788333333334
2020,08,13,10,14,67.19628833333333,14.130785
2020,08,08,21,54,64.55747166666667,10.481745
2020,08,08,03,44,67.05189666666666,13.85716
2020,08,13,00,44,65.54144166666667,12.21112
2020,08,09,04,34,63.44573,10.40829
2020,08,03,16,14,69.646505,18.960588333333334
2020,08,13,05,54,66.52229333333334,12.969116666666666
2020,08,10,11,34,60.56290833333333,5.213421666666667
2020,08,12,00,54,63.11658833333333,7.678875
2020,08,13,16,54,68.11364333333333,13.831865
2020,08,07,16,14,68.22116166666666,14.822308333333334
2020,08,15,14,24,70.98708,26.988653333333332
2020,08,03,23,54,70.30241666666667,22.230566666666668
2020,08,07,18,54,68.19482666666667,14.493758333333334
2020,08,08,07,14,66.59906333333333,12.981353333333333
2020,08,07,20,04,68.10683,13.847201666666667
2020,08,12,16,44,64.22952833333333,10.234401666666667
2020,08,13,19,44,68.23093166666666,14.566705
2020,08,13,10,04,67.17787833333334,14.084421666666668
2020,08,03,09,54,69.29276666666667,17.97568
2020,08,09,04,04,63.46659,10.189453333333333
2020,08,11,17,54,62.544113333333335,6.165381666666667
2020,08,10,10,54,60.630685,4.951686666666666
2020,08,08,13,34,65.475725,12.210448333333334
2020,08,04,19,04,71.08198333333333,28.403885
2020,08,11,01,44,61.60176333333333,5.025075
2020,08,15,01,44,70.49057833333333,22.858721666666668
2020,08,12,13,04,63.640885,9.775683333333333
2020,08,09,10,54,63.517495,9.155096666666667
2020,08,03,17,44,69.80815666666666,19.34922
2020,08,09,13,34,63.234885,7.98415
2020,08,12,12,44,63.575045,9.84279
2020,08,04,11,54,70.98073666666667,25.969613333333335
2020,08,06,16,04,70.34360166666667,21.52886
2020,08,15,12,04,70.98072833333333,25.969663333333333
2020,08,06,19,44,69.91367,19.967625
2020,08,13,14,44,67.59038166666667,14.30952
2020,08,14,00,14,68.65119833333334,15.396701666666667
2020,08,15,09,54,70.98072833333333,25.969661666666667
2020,08,09,19,44,62.727106666666664,7.102565
2020,08,07,13,24,68.57713666666666,14.924141666666667
2020,08,11,04,34,62.03407,5.14643
2020,08,11,16,14,62.40421166666667,6.09522
2020,08,03,20,54,70.034885,20.984026666666665
2020,08,14,13,34,69.64649333333334,18.960586666666668
2020,08,09,17,34,62.88914,6.891846666666667
2020,08,07,11,44,68.61001,15.259151666666666
2020,08,13,17,54,68.11237666666666,13.997543333333333
2020,08,04,02,04,70.490155,22.856698333333334
2020,08,10,11,04,60.62208666666667,5.0219
2020,08,10,10,24,60.722285,4.822008333333334
2020,08,11,09,24,62.397771666666664,6.313278333333334
2020,08,14,21,44,70.23721833333333,21.179103333333334
2020,08,09,02,24,63.63043833333333,9.491021666666667
2020,08,04,07,04,70.99488833333334,24.688851666666668
2020,08,06,23,04,69.64649,18.960563333333333
2020,08,14,17,04,69.72155833333333,19.053425
2020,08,08,13,24,65.47572666666667,12.210451666666666
2020,08,02,23,34,68.57440333333334,14.979445
2020,08,15,09,44,70.98,25.97
2020,08,13,03,54,66.14959666666667,12.885371666666666
2020,08,09,20,44,62.64315166666667,6.614698333333333
2020,08,07,09,34,68.889075,15.545903333333333
2020,08,10,17,54,60.392786666666666,5.309858333333334
2020,08,13,19,24,68.23093666666666,14.566708333333333
2020,08,02,16,34,67.90058333333333,14.024945
2020,08,12,15,24,63.979515,9.903698333333333
2020,08,13,22,14,68.51928333333333,15.138245
2020,08,05,05,04,70.07095666666666,29.736931666666667
2020,08,10,04,34,61.80316333333333,5.117615
2020,08,14,20,34,70.034945,20.98397
2020,08,02,10,44,67.22519,14.19688
2020,08,15,06,54,70.99488666666667,24.688871666666667
2020,08,02,11,14,67.28913666666666,14.394741666666667
2020,08,08,16,14,65.374045,12.052368333333334
2020,08,13,21,54,68.47920166666667,15.217405
2020,08,05,01,04,70.50243,30.833956666666666
2020,08,05,04,54,70.07402333333333,29.706028333333332
2020,08,07,01,14,69.48712833333333,18.19785
2020,08,04,12,44,70.98074833333334,25.96963
2020,08,04,18,14,71.07315833333334,27.863676666666667
2020,08,11,08,34,62.47511333333333,6.1093866666666665
2020,08,03,21,14,70.03279333333333,20.99874
2020,08,04,08,24,70.96216666666666,25.446398333333335
2020,08,07,08,24,68.97887166666666,15.717033333333333
2020,08,03,09,04,69.229705,17.971111666666665
2020,08,11,13,54,62.21906,7.021016666666666
2020,08,09,12,04,63.41965166666667,8.615818333333333
2020,08,06,09,14,70.66502166666666,23.680535
2020,08,07,23,24,67.49727,14.369498333333333
2020,08,14,09,04,69.22891333333334,17.970015
2020,08,04,20,04,70.92902166666667,28.978998333333333
2020,08,04,14,24,70.98370833333334,26.741575
2020,08,11,04,14,61.95325,5.14588
2020,08,08,09,44,66.13205833333333,12.815226666666666
2020,08,10,22,24,60.920335,4.76391
2020,08,10,17,14,60.392781666666664,5.309863333333333
2020,08,03,05,24,68.79950333333333,16.55005166666667
2020,08,12,00,14,63.10599,7.723658333333334
2020,08,12,11,34,63.452875,10.344563333333333
2020,08,13,20,14,68.217245,14.588618333333333
2020,08,09,05,44,63.44358666666667,10.407461666666666
2020,08,03,16,24,69.64650166666667,18.960595
2020,08,02,13,54,67.29707666666667,14.375683333333333
2020,08,10,20,34,60.58927833333333,5.162803333333334
2020,08,09,20,24,62.66712666666667,6.771101666666667
2020,08,12,04,44,63.553405,9.313468333333333
2020,08,15,10,44,70.98072,25.96966
2020,08,15,13,14,70.96652166666667,26.097318333333334
2020,08,03,07,04,68.98110166666666,17.194296666666666
2020,08,11,02,04,61.60975333333333,4.984308333333333
2020,08,11,13,34,62.15538,6.993448333333333
2020,08,08,15,44,65.46521666666666,12.189701666666666
2020,08,09,23,24,62.448436666666666,5.9895016666666665
2020,08,12,04,14,63.49804666666667,9.086538333333333
2020,08,08,18,54,64.86688833333334,11.276493333333333
2020,08,03,01,54,68.781035,15.433015
2020,08,13,04,24,66.20005166666667,13.00747
2020,08,14,10,44,69.455105,18.12134
2020,08,12,20,44,64.85958333333333,11.251186666666667
2020,08,13,22,24,68.56311833333334,15.045001666666666
2020,08,15,15,24,70.97051833333333,27.2722
2020,08,07,13,44,68.544995,15.080155
2020,08,14,06,04,68.82504833333333,16.645146666666665
2020,08,12,19,54,64.78687,11.081225
2020,08,13,01,34,65.75493166666666,12.312856666666667
2020,08,03,21,54,70.18106333333333,21.119933333333332
2020,08,04,07,14,70.99466833333334,24.690626666666667
2020,08,10,23,34,61.21233333333333,4.705118333333333
2020,08,08,02,24,67.28907166666667,14.38877
2020,08,08,21,44,64.57598833333333,10.52407
2020,08,09,09,14,63.59049,9.8241
2020,08,10,12,24,60.39618333333333,5.302768333333334
2020,08,06,19,24,69.96789333333334,20.174305
2020,08,03,11,44,69.55373166666666,18.71601
2020,08,13,04,34,66.20612333333334,12.991266666666666
2020,08,06,06,34,70.99488333333333,24.688846666666667
2020,08,08,09,04,66.203275,13.004676666666667
2020,08,13,15,54,67.88567833333333,14.039206666666667
2020,08,02,21,54,68.36409,14.975866666666667
2020,08,09,19,34,62.73363666666667,7.158058333333333
2020,08,11,09,34,62.40728166666667,6.420916666666667
2020,08,07,08,34,68.97011666666667,15.683878333333332
2020,08,15,05,24,70.87422833333333,24.041928333333335
2020,08,14,04,14,68.85354833333334,16.600006666666665
2020,08,11,02,54,61.78270333333333,5.081485
2020,08,09,17,54,62.82930833333333,6.969125
2020,08,13,18,04,68.11839666666667,14.13047
2020,08,14,21,54,70.24643,21.214288333333332
2020,08,05,06,54,69.796235,30.099231666666668
2020,08,03,14,04,69.64649666666666,18.9606
2020,08,10,21,24,60.706093333333335,4.840411666666666
2020,08,11,14,54,62.43525666666667,6.854468333333333
2020,08,06,22,04,69.64649666666666,18.960558333333335
2020,08,11,00,34,61.433191666666666,4.885923333333333
2020,08,13,16,24,68.00331333333334,13.927081666666666
2020,08,06,12,14,70.539185,23.028333333333332
2020,08,10,09,24,60.93779,4.757961666666667
2020,08,09,21,34,62.56462,6.19383
2020,08,13,21,34,68.40590833333333,15.114255
2020,08,15,07,44,70.989785,25.024336666666667
2020,08,14,04,44,68.79950333333333,16.55008
2020,08,07,13,54,68.51186166666666,15.152988333333333
2020,08,07,03,04,69.20163666666667,18.016675
2020,08,06,06,54,71.02307833333333,24.63796333333333
2020,08,15,09,24,70.98073,25.96966
2020,08,07,12,34,68.57124833333333,14.911466666666668
2020,08,10,09,14,60.98057,4.7562516666666665
2020,08,11,13,14,62.092913333333335,7.040123333333334
2020,08,05,12,04,70.00414166666667,30.424911666666667
2020,08,15,06,34,71.01485666666666,24.696535
2020,08,13,14,54,67.63197833333334,14.273923333333334
2020,08,05,10,04,69.72888333333333,30.071151666666665
2020,08,09,07,04,63.44359166666667,10.407471666666666
2020,08,04,07,24,70.99583166666666,24.737368333333333
2020,08,08,03,24,67.115185,13.996146666666666
2020,08,11,07,34,62.43311,5.91025
2020,08,09,00,34,64.04111666666667,9.538625
2020,08,11,07,54,62.46056,6.045888333333333
2020,08,13,11,24,67.28887,14.394876666666667
2020,08,03,12,34,69.64649833333333,18.96058
2020,08,05,02,54,70.22736333333333,30.939956666666667
2020,08,04,19,24,71.025715,28.6161
2020,08,04,03,44,70.66496666666667,23.680348333333335
2020,08,12,01,24,63.19665166666667,7.841746666666666
2020,08,13,23,54,68.60504833333333,15.26134
2020,08,05,02,44,70.26432166666666,31.043025
2020,08,06,17,54,70.03461833333333,20.984415
2020,08,03,16,44,69.64610333333333,18.968865
2020,08,02,15,34,67.67825,14.233608333333333
2020,08,06,06,04,70.99447166666667,24.865428333333334
2020,08,11,20,24,62.735005,7.157771666666667
2020,08,09,19,04,62.73500833333333,7.1577866666666665
2020,08,11,12,24,62.113218333333336,7.176161666666666
2020,08,14,19,04,69.98014666666667,20.234723333333335
2020,08,04,06,44,71.00903,24.731248333333333
2020,08,12,21,24,64.95902166666667,11.532093333333334
2020,08,07,03,44,69.12703,17.660338333333332
2020,08,12,09,34,63.443596666666664,10.407465
2020,08,11,05,14,62.191293333333334,5.082535
2020,08,15,10,04,70.980725,25.969655
2020,08,03,19,04,69.97972166666666,19.967718333333334
2020,08,08,16,34,65.33826666666667,12.02771
2020,08,11,19,24,62.68081,6.858736666666666
2020,08,08,01,54,67.288845,14.394851666666666
2020,08,03,18,54,69.99007666666667,19.884103333333332
2020,08,03,07,54,69.10495,17.52871
2020,08,04,15,04,70.98024333333333,27.217583333333334
2020,08,10,05,04,61.726465,4.961883333333334
2020,08,14,02,14,68.9489,15.602833333333333
2020,08,14,00,44,68.69880333333333,15.420681666666667
2020,08,03,17,14,69.75874666666667,19.088998333333333
2020,08,13,15,34,67.78944833333334,14.12969
2020,08,12,14,54,63.882965,9.734538333333333
2020,08,06,06,24,70.99337166666666,24.687921666666668
2020,08,07,00,14,69.56865333333333,18.791235
2020,08,04,00,44,70.24028333333334,22.330778333333335
2020,08,14,21,24,70.15822833333333,21.105693333333335
2020,08,04,21,34,70.82538166666667,29.434618333333333
2020,08,04,19,34,71.00314333333333,28.700706666666665
2020,08,08,01,04,67.28885,14.394855
2020,08,08,23,24,64.30314166666666,9.884181666666667
2020,08,14,01,44,68.84339333333334,15.482033333333334
2020,08,11,17,24,62.47571833333333,6.152396666666666
2020,08,10,17,44,60.392788333333336,5.309863333333333
2020,08,06,17,44,70.034915,20.983953333333332
2020,08,12,18,14,64.51132,10.460986666666667
2020,08,11,10,54,62.33987833333333,6.950378333333333
2020,08,03,06,44,68.922585,16.990348333333333
2020,08,11,03,24,61.85417,5.268916666666667
2020,08,05,08,24,69.72887833333333,30.071151666666665
2020,08,08,17,14,65.18245166666667,11.854655
2020,08,15,08,04,70.98679333333334,25.252096666666667
2020,08,14,21,34,70.184425,21.122223333333334
2020,08,15,01,24,70.44441833333333,22.656221666666667
2020,08,03,21,24,70.06929666666667,21.049176666666668
2020,08,12,16,34,64.189215,10.163618333333334
2020,08,12,16,24,64.15150666666666,10.114423333333333
2020,08,03,19,44,70.00361166666667,20.442118333333333
2020,08,11,13,24,62.10416,6.983383333333333
2020,08,05,12,34,70.09793833333333,30.645755
2020,08,07,01,54,69.34668,18.080915
2020,08,08,21,34,64.61443833333334,10.61187
2020,08,10,19,34,60.39315,5.3083833333333335
2020,08,12,18,44,64.59287166666667,10.6155
2020,08,12,22,14,65.119715,11.81577
2020,08,13,01,44,65.79664833333334,12.341868333333334
2020,08,09,14,54,63.11489,7.736995
2020,08,03,10,44,69.46079333333333,18.12439
2020,08,13,04,44,66.22278333333334,12.898183333333334
2020,08,08,15,04,65.47572666666667,12.21041
2020,08,14,07,04,68.97309166666666,17.166183333333333
2020,08,11,07,04,62.34850333333333,5.754168333333333
2020,08,06,12,34,70.49709166666666,22.87320666666667
2020,08,09,15,24,63.100053333333335,7.7055983333333335
2020,08,02,20,14,68.23091333333333,14.566706666666667
2020,08,08,02,54,67.21480666666666,14.169138333333333
2020,08,11,03,44,61.904756666666664,5.1377516666666665
2020,08,07,17,04,68.23091833333334,14.566721666666666
2020,08,07,12,14,68.57643166666666,14.961181666666667
2020,08,14,08,34,69.16607166666667,17.946525
2020,08,03,10,04,69.32586166666667,18.016478333333332
2020,08,06,16,24,70.27466833333334,21.321553333333334
2020,08,10,17,34,60.392781666666664,5.309858333333334
2020,08,08,04,24,66.96441666666666,13.506621666666666
2020,08,07,06,04,68.79928166666667,16.549768333333333
2020,08,13,03,14,66.02621333333333,12.64278
2020,08,07,15,34,68.35354166666667,14.991408333333334
2020,08,12,13,54,63.67813833333334,9.489363333333333
2020,08,05,16,04,70.50013166666666,30.847645
2020,08,11,03,14,61.82701333333333,5.248798333333333
2020,08,02,13,34,67.28885166666667,14.394863333333333
2020,08,12,19,04,64.66551,10.753543333333333
2020,08,04,21,04,70.86732,29.144543333333335
2020,08,12,02,04,63.262121666666665,8.110541666666666
2020,08,14,23,24,70.33363333333334,22.08455
2020,08,09,11,54,63.431165,8.682658333333332
2020,08,08,08,54,66.218,12.929983333333332
2020,08,13,00,14,65.475735,12.210418333333333
2020,08,15,11,34,70.980725,25.96965
2020,08,09,11,44,63.45016666666667,8.79724
2020,08,12,05,24,63.62077333333333,9.571435
2020,08,09,08,34,63.477225,10.040546666666666
2020,08,09,04,14,63.46185,10.264241666666667
2020,08,09,18,54,62.73501,7.1577866666666665
2020,08,07,20,44,68.10358166666667,13.833523333333334
2020,08,09,06,54,63.44359,10.407473333333334
2020,08,04,16,24,71.03587833333333,27.198695
2020,08,04,15,14,70.95282,27.3216
2020,08,08,07,54,66.46559,12.986835
2020,08,03,22,24,70.26904333333333,21.30289
2020,08,08,05,14,66.86887,13.702316666666666
2020,08,09,21,04,62.62605833333333,6.418986666666667
2020,08,03,11,34,69.540415,18.601453333333332
2020,08,13,05,44,66.47500666666667,12.99192
2020,08,13,13,04,67.28887333333333,14.394891666666666
2020,08,09,23,04,62.47625,6.11249
2020,08,07,14,24,68.42336833333333,15.138985
2020,08,04,16,14,70.992435,27.216798333333333
2020,08,06,22,34,69.6465,18.960571666666667
2020,08,04,03,04,70.64236166666667,23.46601
2020,08,05,07,54,69.72887666666666,30.071151666666665
2020,08,07,17,14,68.23092,14.566725
2020,08,08,19,54,64.86006833333333,11.238773333333333
2020,08,11,17,34,62.47571833333333,6.152393333333333
2020,08,11,12,14,62.10752,7.104285
2020,08,14,13,54,69.64649333333334,18.960585
2020,08,04,01,14,70.36716,22.337965
2020,08,11,16,04,62.39286166666667,6.203341666666667
2020,08,15,14,54,70.96410166666666,27.274021666666666
2020,08,08,19,34,64.86006666666667,11.238781666666666
2020,08,10,16,24,60.39279,5.309855
2020,08,12,17,34,64.37790166666667,10.456838333333334
2020,08,09,07,44,63.443595,10.407466666666666
2020,08,10,12,44,60.392788333333336,5.309853333333334
2020,08,04,17,34,71.06186166666667,27.829538333333332
2020,08,05,11,34,69.91789333333334,30.223105
2020,08,08,11,04,65.99506666666667,12.506701666666666
2020,08,15,10,14,70.980725,25.969655
2020,08,13,17,34,68.114165,13.833126666666667
2020,08,12,14,24,63.79754166666667,9.57062
2020,08,03,23,34,70.35199166666666,21.986478333333334
2020,08,13,14,34,67.54752333333333,14.337325
2020,08,10,21,54,60.81788,4.734988333333333
2020,08,05,06,14,69.946965,29.897185
2020,08,13,18,34,68.18290666666667,14.376348333333333
2020,08,08,00,54,67.28884666666667,14.394863333333333
2020,08,11,09,54,62.435748333333336,6.59046
2020,08,15,12,44,70.98072333333333,25.969658333333335
2020,08,12,12,34,63.533555,9.890851666666666
2020,08,13,09,24,67.02999666666666,13.807951666666666
2020,08,15,02,54,70.65214833333333,23.557955
2020,08,09,09,44,63.64460166666667,9.657498333333333
2020,08,04,06,34,71.02112333333334,24.642711666666667
2020,08,03,18,04,69.89165833333334,19.465433333333333
2020,08,11,10,34,62.418235,6.912968333333334
2020,08,12,10,04,63.443596666666664,10.407461666666666
2020,08,14,14,54,69.64649333333334,18.960578333333334
2020,08,09,04,54,63.44358666666667,10.407456666666667
2020,08,08,13,54,65.47572666666667,12.21045
2020,08,11,20,44,62.735005,7.157775
2020,08,13,02,44,66.013375,12.55764
2020,08,09,01,34,63.81309,9.330043333333334
2020,08,10,15,24,60.392781666666664,5.309848333333333
2020,08,14,19,44,70.03838833333333,20.749646666666667
2020,08,08,22,54,64.37478,10.056021666666666
2020,08,11,09,14,62.39393,6.25331
2020,08,05,22,24,71.08132666666667,28.41222
2020,08,04,11,24,70.98072666666667,25.969623333333335
2020,08,15,00,54,70.37572666666667,22.360323333333334
2020,08,14,04,54,68.79950333333333,16.550071666666668
2020,08,15,07,14,70.99488666666667,24.688873333333333
2020,08,08,04,54,66.89635666666666,13.60865
2020,08,04,02,54,70.62824666666667,23.345866666666666
2020,08,03,17,34,69.78343,19.256768333333333
2020,08,08,22,44,64.41580166666667,10.154745
2020,08,12,05,04,63.58296833333333,9.4275
2020,08,14,18,14,69.86562666666667,19.798648333333333
2020,08,14,05,34,68.79951,16.550071666666668
2020,08,07,11,54,68.58703833333334,15.145151666666667
2020,08,09,17,44,62.866033333333334,6.945666666666667
2020,08,14,14,34,69.64649666666666,18.960578333333334
2020,08,06,16,34,70.26871333333334,21.29823
2020,08,09,05,04,63.44358166666667,10.407448333333333
2020,08,11,07,44,62.45137666666667,5.999783333333333
2020,08,03,01,14,68.69648166666667,15.424615
2020,08,09,10,34,63.551581666666664,9.293045
2020,08,08,19,14,64.86007166666667,11.238803333333333
2020,08,03,00,44,68.60712666666667,15.271983333333333
2020,08,11,01,54,61.60285,5.02584
2020,08,07,03,34,69.13955333333334,17.749746666666667
2020,08,04,10,44,70.98073333333333,25.96963
2020,08,14,12,34,69.64649833333333,18.960571666666667
2020,08,10,16,14,60.392786666666666,5.309851666666667
2020,08,13,00,54,65.58433166666667,12.227825
2020,08,09,09,54,63.6356,9.615858333333334
2020,08,06,14,34,70.24436166666666,22.328785
2020,08,13,06,34,66.64981166666666,13.106986666666666
2020,08,15,12,14,70.98072833333333,25.969665
2020,08,08,14,14,65.47572833333334,12.21043
2020,08,15,04,14,70.66700666666667,23.621278333333333
2020,08,11,08,54,62.402395,6.089878333333333
2020,08,07,00,04,69.595265,18.866838333333334
2020,08,14,23,54,70.241485,22.33638
2020,08,10,16,04,60.392788333333336,5.309853333333334
2020,08,06,23,24,69.64649,18.96056
2020,08,10,20,44,60.60252,5.112336666666667
2020,08,07,23,14,67.53628166666667,14.345026666666667
2020,08,05,01,44,70.37646166666667,31.106986666666668
2020,08,11,03,54,61.930168333333334,5.12212
2020,08,13,03,24,66.070475,12.654563333333334
2020,08,07,13,04,68.57124666666667,14.911461666666666
2020,08,15,11,54,70.98072666666667,25.969656666666666
2020,08,11,02,34,61.73108166666667,4.970253333333333
2020,08,07,22,14,67.761635,14.152853333333333
2020,08,05,15,14,70.3748,31.105056666666666
2020,08,15,06,44,70.99229833333334,24.701395
2020,08,10,10,04,60.80014833333333,4.738423333333333
2020,08,04,07,54,70.98843666666667,25.125695
2020,08,03,07,34,69.06249333333334,17.363378333333333
2020,08,04,10,24,70.98073333333333,25.969628333333333
2020,08,03,22,04,70.22637,21.149331666666665
2020,08,14,10,54,69.49065833333333,18.240585
2020,08,08,23,34,64.26317666666667,9.788443333333333
2020,08,13,03,44,66.12942,12.811751666666666
2020,08,03,18,44,70.014375,19.766348333333333
2020,08,13,04,54,66.26433166666666,12.915321666666667
2020,08,05,06,04,69.96509,29.867153333333334
2020,08,11,01,14,61.568351666666665,4.974183333333333
2020,08,14,03,04,68.98434833333333,15.902381666666667
2020,08,07,17,54,68.23091833333334,14.566711666666667
2020,08,03,06,54,68.9526,17.094945
2020,08,07,08,54,68.96797333333333,15.64223
2020,08,15,02,04,70.53989166666666,23.04625
2020,08,10,03,34,61.93854,5.124825
2020,08,10,16,44,60.392786666666666,5.309855
2020,08,05,23,34,71.04166666666667,27.843333333333334
2020,08,09,17,14,62.945985,6.8441366666666665
2020,08,15,10,54,70.980725,25.969661666666667
2020,08,06,17,04,70.14299,21.091055
2020,08,12,04,54,63.564058333333335,9.355725
2020,08,12,07,54,63.44689,10.412025
2020,08,11,12,44,62.103875,7.19275
2020,08,15,10,24,70.98072166666667,25.969648333333332
2020,08,12,04,34,63.526783333333334,9.20414
2020,08,07,04,34,68.99989833333333,17.23341
2020,08,10,05,24,61.63472,4.981268333333333
2020,08,12,10,24,63.44359333333333,10.40746
2020,08,04,01,44,70.44144166666666,22.642685
2020,08,04,16,04,70.95663833333333,27.296866666666666
2020,08,08,10,24,66.02404833333334,12.637618333333334
2020,08,10,09,44,60.86878166666666,4.774396666666667
2020,08,14,03,14,68.97612333333333,15.991971666666666
2020,08,13,13,24,67.288185,14.362776666666667
2020,08,08,02,14,67.288845,14.394853333333334
2020,08,08,05,34,66.86316833333333,13.692128333333333
2020,08,12,21,44,65.01124333333334,11.66483
2020,08,15,10,34,70.98072333333333,25.969658333333335
2020,08,07,10,34,68.69644166666667,15.426183333333332
2020,08,04,00,24,70.23723833333334,22.349211666666665
2020,08,13,08,44,66.935665,13.484913333333333
2020,08,02,20,04,68.23091666666667,14.566701666666667
2020,08,15,11,44,70.980725,25.969653333333333
2020,08,05,17,24,70.69491,30.254543333333334
2020,08,06,07,34,70.93078166666666,24.221726666666665
2020,08,07,05,04,68.921525,16.978646666666666
2020,08,03,23,44,70.32924333333334,22.106863333333333
2020,08,09,03,04,63.615626666666664,9.792848333333334
2020,08,02,15,24,67.6385,14.2682
2020,08,10,15,44,60.392783333333334,5.309851666666667
2020,08,12,06,54,63.478411666666666,10.003433333333334
2020,08,09,15,54,63.087088333333334,7.473446666666667
2020,08,07,06,14,68.79951,16.55007
2020,08,08,16,04,65.40829666666667,12.132993333333333
2020,08,12,10,54,63.44359,10.407468333333334
2020,08,05,07,04,69.75243333333333,30.080103333333334
2020,08,03,04,34,68.87142666666666,16.464818333333334
2020,08,11,18,54,62.642555,6.606098333333334
2020,08,14,16,24,69.64649833333333,18.96058
2020,08,08,08,04,66.42235333333333,12.980853333333334
2020,08,07,16,34,68.22454833333333,14.652116666666666
2020,08,11,21,24,62.76573333333333,6.959791666666667
2020,08,12,23,54,65.47382,12.203188333333333
2020,08,02,11,04,67.28429166666666,14.356855
2020,08,09,02,34,63.63601166666667,9.578406666666666
2020,08,06,12,24,70.50974833333333,22.928468333333335
2020,08,15,07,54,70.98827333333334,25.137596666666667
2020,08,06,20,34,69.80851333333334,19.44314
2020,08,03,12,44,69.6465,18.960586666666668
2020,08,12,08,44,63.4436,10.407456666666667
2020,08,02,17,54,68.118605,13.835406666666668
2020,08,08,16,44,65.29095333333333,11.972926666666666
2020,08,04,20,44,70.857365,29.113868333333333
2020,08,08,18,14,64.977755,11.584615
2020,08,02,18,44,68.151925,14.272938333333334
2020,08,02,22,44,68.41418333333333,15.130915
2020,08,12,14,14,63.75201166666667,9.537835
2020,08,02,12,14,67.28885,14.394871666666667
2020,08,13,04,04,66.17811,12.980501666666667
2020,08,07,14,14,68.45921,15.196085
2020,08,08,06,04,66.80391666666667,13.417665
2020,08,13,12,14,67.28888166666667,14.394893333333334
2020,08,14,23,04,70.37298333333334,21.875048333333332
2020,08,03,16,04,69.64650333333333,18.960595
2020,08,04,23,54,70.71935,30.177573333333335
2020,08,07,06,34,68.79951333333334,16.550068333333332
2020,08,10,11,14,60.607146666666665,5.091888333333333
2020,08,09,07,24,63.44359166666667,10.407471666666666
2020,08,06,23,44,69.64545833333334,18.962253333333333
2020,08,02,12,04,67.28885,14.394865
2020,08,10,22,54,61.052391666666665,4.732786666666667
2020,08,10,13,24,60.392783333333334,5.309863333333333
2020,08,13,01,14,65.67130833333333,12.26571
2020,08,05,09,54,69.72888333333333,30.071153333333335
2020,08,07,15,14,68.36395,14.958595
2020,08,12,02,24,63.31671,8.27128
2020,08,09,05,14,63.44358166666667,10.40745
2020,08,08,04,14,66.97094,13.615631666666667
2020,08,06,16,44,70.23692,21.174815
2020,08,11,14,44,62.42855,6.881803333333333
2020,08,02,22,04,68.36357666666666,14.944546666666668
2020,08,12,05,54,63.640555,9.776413333333334
2020,08,14,14,04,69.64649166666666,18.960578333333334
2020,08,11,16,34,62.461036666666665,6.076786666666667
2020,08,02,20,54,68.23435666666667,14.714095
2020,08,13,10,34,67.263075,14.297546666666667
2020,08,04,14,44,70.98662666666667,26.952305
2020,08,07,05,24,68.87402166666666,16.817623333333334
2020,08,07,10,14,68.74583166666666,15.42314
2020,08,08,01,24,67.28884833333333,14.394858333333334
2020,08,06,21,24,69.692105,19.035398333333333
2020,08,04,23,14,70.648135,29.787983333333333
2020,08,15,03,34,70.66497333333334,23.680333333333333
2020,08,06,17,34,70.03244166666667,20.99041666666667
2020,08,10,08,04,61.249735,4.733113333333334
2020,08,06,09,24,70.66497,23.680348333333335
2020,08,04,00,34,70.23723833333334,22.349221666666665
2020,08,09,19,14,62.73501,7.157785
2020,08,13,16,44,68.07285666666667,13.860651666666667
2020,08,15,03,14,70.666635,23.682423333333332
2020,08,13,23,24,68.57805666666667,14.9368
2020,08,13,17,14,68.12068833333333,13.839911666666668
2020,08,09,16,14,63.056531666666665,7.333433333333334
2020,08,12,12,24,63.489555,9.952653333333334
2020,08,05,07,44,69.72887166666666,30.07115
2020,08,03,00,34,68.58809333333333,15.169435
2020,08,10,12,34,60.39316,5.308028333333334
2020,08,06,05,54,70.99240166666667,24.936785
2020,08,12,19,14,64.68067,10.782336666666666
2020,08,02,10,34,67.19223166666667,14.1173
2020,08,06,07,54,70.869655,24.019458333333333
2020,08,08,17,24,65.13841333333333,11.824021666666667
2020,08,11,07,24,62.409285,5.835118333333333
2020,08,02,20,34,68.23057666666666,14.568041666666666
2020,08,12,09,14,63.443598333333334,10.40747
2020,08,06,11,54,70.58394833333334,23.179245
2020,08,13,09,04,66.97197166666666,13.637405
2020,08,13,06,24,66.61321333333333,13.072556666666667
2020,08,12,08,54,63.4436,10.407466666666666
2020,08,10,20,54,60.621206666666666,5.041655
2020,08,04,10,14,70.980735,25.969628333333333
2020,08,03,16,34,69.64650166666667,18.9606
2020,08,05,08,54,69.728885,30.071163333333335
2020,08,06,06,44,70.99816166666666,24.724185
2020,08,04,10,54,70.980725,25.969623333333335
2020,08,07,06,44,68.80733,16.57149666666667
2020,08,10,02,54,62.00885666666667,5.1546666666666665
2020,08,13,08,14,66.86919,13.699586666666667
2020,08,08,17,44,65.06846166666666,11.757066666666667
2020,08,09,08,44,63.491638333333334,9.944295
2020,08,05,22,54,71.11387333333333,28.08716
2020,08,03,13,04,69.64650666666667,18.960593333333332
2020,08,13,15,04,67.681055,14.230935
2020,08,13,08,04,66.868885,13.702348333333333
2020,08,03,00,24,68.56995833333333,15.066866666666666
2020,08,11,23,34,63.07468166666666,7.432738333333333
2020,08,03,15,14,69.64650666666667,18.960596666666667
2020,08,12,02,34,63.34077166666667,8.336396666666667
2020,08,14,21,04,70.07587,21.053405
2020,08,10,18,24,60.392788333333336,5.309851666666667
2020,08,02,15,54,67.75020833333333,14.16647
2020,08,10,18,44,60.392786666666666,5.309855
2020,08,05,23,44,71.04166666666667,27.843333333333334
2020,08,07,03,24,69.15415166666666,17.853416666666668
2020,08,11,23,14,63.039365,7.277695
2020,08,09,06,34,63.44359,10.407466666666666
2020,08,08,11,54,65.79260833333333,12.337026666666667
2020,08,05,05,34,70.075085,29.716888333333333
2020,08,06,19,54,69.88318166666667,19.862693333333333
2020,08,03,21,44,70.14203666666667,21.095288333333333
2020,08,04,20,54,70.85781166666666,29.112943333333334
2020,08,14,18,34,69.91543,19.989776666666668
2020,08,10,08,44,61.10076,4.740326666666666
2020,08,07,10,04,68.78897166666667,15.431095
2020,08,02,17,24,68.10260666666667,13.831881666666666
2020,08,12,02,14,63.29186333333333,8.204605
2020,08,14,12,14,69.64224333333334,18.959105
2020,08,06,07,14,70.99919666666666,24.44952333333333
2020,08,12,03,24,63.42700333333333,8.696775
2020,08,13,11,54,67.28887833333333,14.394883333333333
2020,08,09,03,44,63.479285,9.98796
2020,08,10,16,34,60.392786666666666,5.309856666666667
2020,08,08,15,54,65.45320833333334,12.172346666666666
2020,08,05,14,04,70.38468833333333,31.114803333333334
2020,08,03,18,14,69.929885,19.539815
2020,08,04,09,24,70.980735,25.96964
2020,08,11,11,04,62.30695333333333,6.987121666666667
2020,08,05,13,04,70.18762166666667,30.858065
2020,08,12,18,24,64.54522833333333,10.525101666666666
2020,08,09,23,54,62.357058333333335,5.7692516666666664
2020,08,13,13,44,67.3649,14.405696666666667
2020,08,15,13,54,70.98154,26.607905
2020,08,11,10,04,62.44815166666667,6.664443333333334
2020,08,11,20,34,62.73500333333333,7.157771666666667
2020,08,14,23,44,70.274305,22.315023333333333
2020,08,04,08,54,70.93571833333333,25.734896666666668
2020,08,02,14,04,67.34492666666667,14.386818333333334
2020,08,12,05,14,63.60805166666667,9.522955
2020,08,09,19,54,62.707476666666665,6.99647
2020,08,09,01,14,63.88833833333333,9.392778333333334
2020,08,11,23,44,63.096615,7.50382
2020,08,07,12,54,68.571245,14.911461666666666
2020,08,15,16,04,71.082305,27.375795
2020,08,14,13,14,69.646495,18.960581666666666
2020,08,10,17,04,60.392788333333336,5.3098616666666665
2020,08,08,15,24,65.47572833333334,12.210413333333333
2020,08,11,04,44,62.061233333333334,5.128753333333333
2020,08,09,15,14,63.09941666666667,7.7479716666666665
2020,08,02,12,24,67.28885166666667,14.39487
2020,08,06,09,44,70.66497,23.680346666666665
2020,08,15,14,44,70.97893,27.221445
2020,08,02,12,44,67.28885333333334,14.394888333333334
2020,08,08,07,04,66.63932166666666,13.009493333333333
2020,08,09,06,44,63.44359,10.407465
2020,08,02,17,44,68.12067666666667,13.8399
2020,08,10,20,04,60.49523,5.250855
2020,08,06,08,54,70.671105,23.58571
2020,08,09,02,54,63.653821666666666,9.760406666666666
2020,08,15,08,54,70.94376666666666,25.865825
2020,08,03,04,04,68.95079166666666,16.19172
2020,08,13,21,24,68.36993833333334,15.05307
2020,08,09,11,04,63.50826,9.117631666666666
2020,08,06,19,34,69.94366666666667,20.075681666666668
2020,08,11,22,14,62.94052833333333,6.848251666666667
2020,08,05,22,34,71.09480333333333,28.360583333333334
2020,08,12,19,34,64.73506,10.96045
2020,08,02,14,54,67.518585,14.35596
2020,08,03,13,14,69.64650333333333,18.960586666666668
2020,08,14,19,24,70.00788333333334,20.526223333333334
2020,08,07,01,44,69.38381833333334,18.08513
2020,08,12,20,24,64.85527666666667,11.229583333333334
2020,08,09,22,24,62.47572666666667,6.152388333333334
2020,08,13,02,54,66.02811333333334,12.639936666666667
2020,08,04,08,14,70.985855,25.330033333333333
2020,08,09,20,14,62.684305,6.874511666666667
2020,08,14,13,24,69.64649333333334,18.960585
2020,08,07,21,44,67.87434166666667,14.04758
2020,08,08,04,34,66.92949666666667,13.486758333333333
2020,08,15,09,14,70.981045,25.962848333333334
2020,08,14,17,34,69.79661166666666,19.361628333333332
2020,08,11,07,14,62.37083833333333,5.79451
2020,08,03,19,24,69.99211,20.23376
2020,08,08,02,44,67.24516333333334,14.242925
2020,08,12,16,04,64.09669166666667,10.003966666666667
2020,08,04,05,04,70.81411166666666,23.844151666666665
2020,08,03,09,34,69.22896,17.9629
2020,08,15,11,24,70.980725,25.96965
2020,08,02,21,14,68.214605,14.863455
2020,08,14,15,44,69.64649666666666,18.960575
2020,08,11,02,24,61.689915,4.962408333333333
2020,08,03,07,44,69.089995,17.429888333333334
2020,08,02,11,24,67.28885166666667,14.394875
2020,08,02,11,54,67.28884833333333,14.394868333333333
2020,08,15,11,04,70.98072666666667,25.969653333333333
2020,08,08,08,24,66.32158333333334,12.934318333333334
2020,08,13,07,04,66.77694333333334,13.285488333333333
2020,08,15,15,34,70.99138833333333,27.221945
2020,08,05,09,14,69.72888,30.071161666666665
2020,08,07,14,54,68.34574166666667,15.031136666666667
2020,08,02,17,04,68.03012833333334,13.901478333333333
2020,08,15,04,04,70.66497333333334,23.680336666666665
2020,08,10,00,44,62.31802833333333,5.675566666666667
2020,08,09,14,44,63.11489,7.736995
2020,08,06,22,44,69.6465,18.960566666666665
2020,08,13,04,14,66.20164833333334,13.004901666666667
2020,08,09,18,04,62.771633333333334,6.953601666666667
2020,08,15,05,14,70.838555,23.924061666666667
2020,08,09,21,24,62.592385,6.256291666666667
2020,08,11,15,04,62.43525666666667,6.854468333333333
2020,08,09,01,04,63.926183333333334,9.426488333333333
2020,08,07,19,24,68.137275,14.220681666666668
2020,08,04,15,24,70.949455,27.33585666666667
2020,08,10,19,24,60.392783333333334,5.30986
2020,08,05,13,24,70.24041166666666,30.991368333333334
2020,08,09,14,04,63.16526833333333,7.757833333333333
2020,08,07,10,44,68.69882666666666,15.420678333333333
2020,08,07,22,04,67.80396833333333,14.113426666666667
2020,08,12,15,54,64.05736166666667,10.046518333333333
2020,08,11,09,44,62.42133333333334,6.504828333333333
2020,08,10,03,04,61.97167666666667,5.148651666666667
2020,08,09,05,24,63.443583333333336,10.407455
2020,08,03,22,44,70.32666666666667,21.484765
2020,08,13,16,34,68.032365,13.899191666666667
2020,08,04,17,24,71.10723166666666,27.789276666666666
2020,08,13,13,14,67.28921,14.394173333333333
2020,08,05,01,14,70.48200833333334,30.893846666666665
2020,08,12,09,54,63.443596666666664,10.40747
2020,08,03,11,04,69.50342166666667,18.324358333333333
2020,08,04,22,44,70.630365,29.72828833333333
2020,08,06,17,24,70.07799,21.05136
2020,08,05,10,24,69.72888166666667,30.07115
2020,08,14,22,14,70.31659833333333,21.4592
2020,08,07,05,14,68.90657333333333,16.927645
2020,08,07,04,04,69.09491833333334,17.433043333333334
2020,08,12,23,34,65.42812666666667,12.15397
2020,08,15,13,44,70.97616833333333,26.427296666666667
2020,08,09,15,04,63.11462,7.7373883333333335
2020,08,09,08,14,63.46474166666667,10.234826666666667
2020,08,02,21,34,68.30204,14.970433333333334
2020,08,07,02,04,69.319795,17.996965
2020,08,02,12,34,67.28885333333334,14.394871666666667
2020,08,06,22,24,69.646495,18.960565
2020,08,04,18,04,71.04166666666667,27.843333333333334
2020,08,09,00,54,63.96476,9.460556666666667
2020,08,04,22,24,70.66615833333333,29.810645
2020,08,08,00,24,67.28679166666667,14.359473333333334
2020,08,13,14,14,67.48078,14.380048333333333
2020,08,14,01,14,68.728075,15.425793333333333
2020,08,09,13,24,63.25011333333333,8.046006666666667
2020,08,12,05,34,63.642648333333334,9.656921666666667
2020,08,10,01,04,62.312666666666665,5.558445
2020,08,12,17,44,64.39706166666667,10.431133333333333
2020,08,03,15,54,69.646505,18.960595
2020,08,02,16,54,67.991535,13.938338333333334
2020,08,11,20,14,62.735005,7.15777
2020,08,06,15,04,70.32358833333333,22.1413
2020,08,11,20,54,62.72994666666666,7.135956666666667
2020,08,05,16,14,70.54071666666667,30.730706666666666
2020,08,13,23,34,68.57153666666666,15.059853333333333
2020,08,09,08,04,63.461506666666665,10.287893333333333
2020,08,15,00,24,70.25745833333333,22.322596666666666
2020,08,04,12,34,70.980745,25.969626666666667
2020,08,13,21,44,68.44217,15.173381666666666
2020,08,08,19,04,64.85838333333334,11.24622
2020,08,04,05,54,70.94992,24.290928333333333
2020,08,03,14,34,69.64650166666667,18.960601666666665
2020,08,04,08,44,70.92875333333333,25.632311666666666
2020,08,15,13,34,70.97419833333333,26.357655
2020,08,06,10,34,70.66496333333333,23.680341666666667
2020,08,08,03,04,67.18513166666666,14.096905
2020,08,08,03,54,67.02221166666666,13.780108333333333
2020,08,14,10,14,69.33498666666667,18.044906666666666
2020,08,07,22,54,67.61985166666666,14.28469
2020,08,14,06,34,68.894795,16.893856666666668
2020,08,13,20,24,68.23211333333333,14.694623333333332
